-1.02,-0.03,-0.01
-1.02,-0.02,0.01
-1.02,-0.02,0.01
-1.03,-0.03,0.0
-1.03,-0.03,0.0
-1.02,-0.02,0.01
-1.02,-0.02,-0.0
-1.02,-0.02,0.02
-1.03,-0.02,0.02
-1.03,-0.02,0.0
-1.02,-0.02,0.0
-1.02,-0.03,-0.0
-1.02,-0.03,-0.01
-1.02,-0.02,0.01
-1.03,-0.02,0.01
-1.03,-0.02,0.01
-1.02,-0.02,0.01
-1.03,-0.02,0.01
-1.03,-0.03,-0.0
-1.03,-0.02,0.01
-1.03,-0.02,0.01
-1.02,-0.02,0.02
-1.02,-0.03,-0.01
-1.03,-0.03,-0.01
-1.02,-0.02,0.0
-1.03,-0.02,0.02
-1.03,-0.02,0.02
-1.02,-0.02,-0.0
-1.03,-0.02,-0.01
-1.03,-0.02,0.01
-1.03,-0.02,0.02
-1.03,-0.02,0.01
-1.02,-0.02,0.01
-1.02,-0.02,-0.0
-1.03,-0.02,-0.0
-1.03,-0.01,0.01
-1.03,-0.01,0.03
-1.03,-0.0,0.0
-1.03,-0.02,-0.01
-1.03,-0.02,-0.0
-1.03,-0.01,0.02
-1.02,-0.01,0.01
-1.02,-0.03,0.02
-1.02,-0.03,-0.0
-1.02,-0.03,-0.0
-1.03,-0.02,0.01
-1.03,-0.0,0.02
-1.03,-0.02,-0.0
-1.01,-0.02,0.01
-0.99,0.01,0.12
-1.01,-0.08,-0.02
-0.99,-0.06,-0.08
-1.03,-0.02,0.01
-1.04,0.0,0.03
-1.03,-0.02,-0.0
-1.02,-0.02,0.01
-1.03,-0.03,0.0
-1.03,-0.02,0.01
-1.02,-0.03,0.01
-1.03,-0.02,-0.0
-1.03,-0.02,0.0
-1.02,-0.03,0.01
-1.02,-0.02,-0.0
-1.02,-0.03,-0.0
-1.03,-0.02,0.02
-1.03,-0.02,0.02
-1.03,-0.02,0.01
-1.02,-0.03,0.0
-1.02,-0.02,0.0
-1.02,-0.03,-0.0
-1.03,-0.02,0.0
-1.03,-0.02,0.01
-1.04,-0.03,-0.02
-1.04,-0.0,0.0
-1.05,0.01,0.08
-1.04,-0.03,0.02
-1.02,-0.05,-0.04
-1.02,-0.03,-0.03
-1.04,0.01,0.04
-1.03,-0.01,0.03
-1.02,-0.02,0.0
-1.02,-0.02,0.01
-1.02,-0.03,0.01
-1.03,-0.02,0.01
-1.04,-0.02,-0.0
-1.03,-0.02,0.0
-1.03,-0.01,-0.0
-1.02,-0.02,0.0
-1.02,-0.03,0.01
-1.03,-0.02,0.01
-1.03,-0.02,-0.0
-1.03,-0.02,0.0
-1.02,-0.03,-0.0
-1.02,-0.03,-0.01
-1.03,-0.01,0.01
-1.03,-0.01,0.02
-1.03,-0.02,0.01
-1.03,-0.02,0.01
-1.03,-0.02,-0.0
-1.02,-0.02,-0.01
-1.03,-0.02,0.01
-1.02,-0.02,0.01
-1.02,-0.02,0.0
-1.03,-0.02,0.01
-1.03,-0.02,0.0
-1.03,-0.02,0.0
-1.02,-0.02,0.01
-1.02,-0.02,0.0
-1.03,-0.03,-0.0
-1.03,-0.03,0.01
-1.03,-0.01,0.01
-1.02,-0.02,0.01
-1.02,-0.03,0.0
-1.03,-0.02,0.01
-1.03,-0.03,-0.01
-1.02,-0.02,0.0
-1.03,-0.02,0.02
-1.03,-0.03,0.0
-1.03,-0.02,0.01
-1.03,-0.01,0.02
-1.02,-0.02,0.01
-1.02,-0.03,-0.0
-1.02,-0.03,-0.0
-1.02,-0.03,0.0
-1.03,-0.02,0.01
-1.03,-0.02,0.0
-1.03,-0.02,0.01
-1.03,-0.01,0.01
-1.03,-0.02,0.01
-1.03,-0.03,0.0
-1.02,-0.01,-0.0
-1.02,-0.02,-0.0
-1.03,-0.03,-0.0
-1.03,-0.02,0.0
-1.03,-0.01,0.01
-1.03,-0.01,0.02
-1.03,-0.02,-0.0
-1.03,-0.03,-0.01
-1.03,-0.02,-0.01
-1.02,-0.01,0.01
-1.02,-0.02,0.01
-1.03,-0.02,-0.01
-1.03,-0.02,-0.0
-1.03,-0.02,0.01
-1.03,-0.01,0.01
-1.03,-0.02,0.0
-1.03,-0.02,0.0
-1.02,-0.02,0.0
-1.03,-0.03,0.0
-1.02,-0.02,0.01
-1.02,-0.01,0.01
-1.02,-0.02,0.01
-1.03,-0.03,-0.01
-1.03,-0.02,-0.01
-1.03,-0.01,0.02
-1.03,-0.02,0.02
-1.03,-0.03,-0.0
-1.02,-0.03,-0.01
-1.02,-0.02,0.01
-1.02,-0.01,0.01
-1.02,-0.03,-0.0
-1.03,-0.02,-0.0
-1.02,-0.03,-0.0
-1.02,-0.03,0.01
-1.02,-0.02,0.01
-1.03,-0.03,0.0
-1.02,-0.03,-0.0
-1.02,-0.03,-0.0
-1.03,-0.03,0.0
-1.02,-0.03,0.01
-1.02,-0.02,0.02
-1.03,-0.03,0.01
-1.03,-0.03,0.0
-1.03,-0.01,-0.01
-1.02,-0.02,0.01
-1.03,-0.01,0.02
-1.03,-0.02,0.0
-1.03,-0.03,-0.01
-1.02,-0.02,0.01
-1.03,-0.01,0.02
-1.03,-0.03,0.0
-1.03,-0.02,0.0
-1.03,-0.01,0.01
-1.02,-0.02,0.01
-1.03,-0.02,0.0
-1.03,-0.02,0.0
-1.03,-0.02,0.01
-1.03,-0.02,0.01
-1.02,-0.03,0.0
-1.03,-0.02,0.01
-1.03,-0.01,0.01
-1.03,-0.02,0.0
-1.03,-0.02,-0.0
-1.03,-0.01,0.01
-1.02,-0.02,0.01
-1.02,-0.03,-0.0
-1.02,-0.03,-0.01
-1.02,-0.03,-0.01
-1.03,-0.01,0.01
-1.03,-0.01,0.01
-1.03,-0.02,-0.0
-1.02,-0.02,-0.0
-1.02,-0.02,0.01
-1.02,-0.03,0.01
-1.02,-0.02,-0.01
-1.02,-0.02,-0.01
-1.02,-0.03,0.01
-1.02,-0.02,0.01
-1.02,-0.02,0.01
-1.03,-0.02,0.01
-1.02,-0.01,0.01
-1.02,-0.03,-0.01
-1.03,-0.03,-0.0
-1.02,-0.01,0.01
-1.03,-0.01,0.02
-1.03,-0.03,-0.0
-1.03,-0.03,-0.01
-1.02,-0.02,0.02
-1.03,-0.01,0.02
-1.03,-0.02,-0.0
-1.03,-0.03,0.0
-1.02,-0.03,0.0
-1.02,-0.02,0.01
-1.02,-0.03,0.0
-1.02,-0.02,-0.01
-1.03,-0.02,0.01
-1.03,-0.02,0.02
-1.03,-0.02,0.01
-1.03,-0.02,-0.0
-1.02,-0.02,0.02
-1.03,-0.03,0.01
-1.03,-0.03,0.0
-1.02,-0.02,-0.03
-1.03,-0.01,0.01
-1.04,-0.01,0.01
-1.04,0.01,0.11
-1.03,-0.03,0.05
-1.0,-0.05,-0.09
-1.02,-0.02,-0.03
-1.04,-0.0,0.03
-1.02,-0.01,0.01
-1.03,-0.03,-0.01
-1.03,-0.02,-0.0
-1.02,-0.02,0.02
-1.03,-0.01,0.03
-1.02,-0.03,-0.01
-1.02,-0.04,-0.02
-1.03,-0.02,-0.0
-1.02,-0.02,-0.0
-1.02,-0.01,0.01
-1.03,-0.02,0.01
-1.03,-0.03,0.01
-1.02,-0.02,0.0
-1.02,-0.02,-0.0
-1.03,-0.01,0.01
-1.03,-0.02,-0.0
-1.02,-0.03,0.0
-1.04,-0.03,-0.03
-1.04,0.02,0.05
-1.04,0.01,0.06
-1.02,-0.04,-0.01
-1.01,-0.06,-0.04
-1.03,-0.0,-0.01
-1.04,0.01,0.04
-1.03,-0.02,0.02
-1.02,-0.03,-0.01
-1.02,-0.03,-0.01
-1.02,-0.01,0.01
-1.02,-0.02,0.01
-1.02,-0.03,0.01
-1.02,-0.04,0.0
-1.02,-0.02,0.01
-1.03,-0.01,0.01
-1.03,-0.03,0.02
-1.02,-0.03,0.01
-1.02,-0.02,0.0
-1.02,-0.02,0.0
-1.03,-0.02,0.0
-1.03,-0.03,0.0
-1.03,-0.03,0.01
-1.03,-0.02,0.01
-1.02,-0.01,0.02
-1.03,-0.03,0.01
-1.03,-0.02,0.0
-1.02,-0.02,-0.0
-1.03,-0.02,-0.0
-1.03,-0.02,0.01
-1.02,-0.02,0.01
-1.03,-0.01,0.01
-1.03,-0.02,-0.0
-1.03,-0.02,-0.0
-1.03,-0.01,0.02
-1.02,-0.01,0.01
-1.03,-0.01,0.02
-1.03,-0.02,-0.0
-1.03,-0.02,-0.0
-1.03,-0.01,0.01
-1.02,-0.01,0.01
-1.03,-0.02,0.0
-1.02,-0.03,-0.0
-1.02,-0.02,0.0
-1.03,-0.01,0.01
-1.03,-0.01,-0.0
-1.03,-0.02,0.01
-1.03,-0.02,-0.0
-1.02,-0.03,0.0
-1.02,-0.02,0.0
-1.02,-0.02,0.01
-1.03,-0.02,0.01
-1.03,-0.03,0.0
-1.03,-0.03,-0.01
-1.02,-0.02,-0.0
-1.03,-0.01,0.01
-1.03,-0.03,0.0
-1.03,-0.03,0.0
-1.02,-0.02,-0.02
-1.02,-0.02,0.01
-1.02,-0.03,0.01
-1.02,-0.03,-0.01
-1.02,-0.02,-0.0
-1.02,-0.02,0.02
-1.02,-0.02,0.01
-1.02,-0.03,-0.0
-1.03,-0.02,0.01
-1.03,-0.02,0.02
-1.02,-0.02,0.01
-1.02,-0.03,-0.0
-1.02,-0.02,0.0
-1.03,-0.01,0.02
-1.04,-0.02,0.02
-1.04,-0.02,-0.0
-1.03,-0.01,0.02
-1.02,-0.01,0.01
-1.03,-0.03,-0.0
-1.03,-0.02,0.01
-1.03,-0.01,0.02
-1.02,-0.02,0.01
-1.02,-0.03,-0.01
-1.03,-0.02,-0.01
-1.03,-0.01,0.01
-1.03,-0.01,0.02
-1.02,-0.02,0.01
-1.02,-0.03,-0.01
-1.02,-0.03,-0.01
-1.02,-0.02,-0.0
-1.03,-0.02,0.01
-1.02,-0.02,0.01
-1.02,-0.02,0.01
-1.03,-0.03,-0.01
-1.03,-0.02,-0.0
-1.03,-0.01,0.01
-1.02,-0.01,0.02
-1.02,-0.02,0.01
-1.03,-0.03,-0.02
-1.02,-0.03,-0.01
-1.03,-0.01,0.01
-1.03,-0.01,0.02
-1.03,-0.02,0.0
-1.03,-0.02,-0.01
-1.03,-0.02,0.01
-1.03,-0.01,0.02
-1.04,-0.01,0.02
-1.03,-0.02,0.01
-1.02,-0.03,-0.01
-1.02,-0.03,-0.01
-1.03,-0.03,0.0
-1.03,-0.02,0.02
-1.03,-0.01,0.02
-1.03,-0.02,-0.0
-1.03,-0.03,-0.01
-1.02,-0.01,0.0
-1.03,-0.02,0.02
-1.03,-0.02,0.01
-1.02,-0.03,0.0
-1.02,-0.03,0.0
-1.02,-0.03,-0.0
-1.02,-0.01,0.02
-1.03,-0.02,0.01
-1.03,-0.02,0.01
-1.02,-0.02,0.01
-1.02,-0.04,-0.01
-1.02,-0.03,-0.01
-1.02,-0.02,0.01
-1.03,-0.03,0.02
-1.03,-0.02,0.01
-1.02,-0.03,0.0
-1.01,-0.03,-0.01
-1.02,-0.01,0.02
-1.03,-0.02,0.01
-1.03,-0.02,0.01
-1.02,-0.01,0.01
-1.02,-0.02,0.0
-1.03,-0.03,-0.01
-1.04,-0.01,0.01
-1.03,-0.01,0.02
-1.02,-0.02,0.01
-1.03,-0.02,-0.01
-1.03,-0.02,-0.0
-1.04,-0.01,0.01
-1.04,-0.0,0.02
-1.03,-0.01,0.01
-1.03,-0.02,-0.01
-1.02,-0.02,-0.01
-1.03,-0.03,0.01
-1.04,-0.01,0.02
-1.03,-0.01,0.02
-1.02,-0.02,-0.0
-1.02,-0.03,-0.01
-1.03,-0.02,-0.0
-1.03,-0.01,0.01
-1.02,-0.01,0.01
-1.01,-0.03,0.0
-1.02,-0.04,-0.02
-1.03,-0.03,-0.01
-1.03,-0.01,0.01
-1.02,-0.01,0.02
-1.03,-0.02,0.0
-1.02,-0.04,-0.03
-1.02,-0.04,-0.01
-1.03,-0.01,0.02
-1.03,-0.01,0.01
-1.02,-0.02,0.01
-1.02,-0.03,0.0
-1.02,-0.04,-0.01
-1.02,-0.03,-0.0
-1.03,-0.01,0.02
-1.02,-0.02,0.02
-1.03,-0.03,0.01
-1.02,-0.03,-0.01
-1.02,-0.02,0.01
-1.03,-0.01,0.02
-1.04,-0.02,0.01
-1.03,-0.03,-0.01
-1.02,-0.02,0.01
-1.02,-0.01,0.01
-1.03,0.03,0.14
-1.01,-0.05,0.04
-0.99,-0.06,-0.1
-1.04,-0.03,0.02
-1.04,-0.0,0.03
-1.03,-0.01,-0.01
-1.03,-0.02,-0.02
-1.02,-0.02,-0.0
-1.03,-0.02,0.03
-1.03,-0.02,0.01
-1.04,-0.03,-0.0
-1.03,-0.03,0.0
-1.03,-0.02,0.01
-1.02,-0.01,-0.0
-1.03,-0.01,-0.0
-1.03,-0.02,0.01
-1.03,-0.02,0.01
-1.03,-0.02,0.01
-1.02,-0.02,0.0
-1.03,-0.02,-0.0
-1.03,-0.02,0.0
-1.03,-0.02,0.0
-1.03,-0.01,0.01
-1.0,-0.06,-0.02
-1.03,-0.02,0.02
-1.03,-0.03,0.02
-1.04,-0.0,0.01
-1.04,0.0,0.02
-1.03,-0.01,-0.02
-1.02,-0.01,-0.01
-1.02,-0.04,0.01
-1.02,-0.03,0.0
-1.02,-0.02,0.01
-1.02,-0.02,0.01
-1.02,-0.02,0.01
-1.03,-0.02,0.0
-1.02,-0.02,-0.0
-1.02,-0.02,0.0
-1.03,-0.02,0.0
-1.02,-0.02,0.01
-1.03,-0.02,0.01
-1.02,-0.02,0.01
-1.02,-0.03,-0.0
-1.02,-0.03,0.0
-1.02,-0.03,0.0
-1.02,-0.02,0.0
-1.03,-0.02,0.01
-1.03,-0.02,0.01
-1.02,-0.02,0.0
-1.02,-0.03,-0.01
-1.03,-0.02,-0.01
-1.03,-0.02,0.0
-1.04,-0.01,0.02
-1.03,-0.02,0.01
-1.03,-0.02,0.01
-1.03,-0.03,-0.01
-1.03,-0.02,-0.01
-1.03,-0.02,0.01
-1.03,-0.01,0.02
-1.03,-0.01,0.02
-1.03,-0.03,0.0
-1.03,-0.02,-0.0
-1.03,-0.02,0.01
-1.04,-0.01,0.02
-1.04,-0.01,0.01
-1.03,-0.01,0.0
-1.02,-0.02,-0.0
-1.02,-0.02,-0.0
-1.02,-0.02,0.0
-1.03,-0.01,0.02
-1.03,-0.02,0.0
-1.03,-0.02,0.0
-1.03,-0.02,-0.0
-1.02,-0.01,-0.0
-1.02,-0.02,0.0
-1.03,-0.03,0.0
-1.02,-0.03,0.0
-1.02,-0.03,0.01
-1.02,-0.02,-0.0
-1.03,-0.03,-0.01
-1.03,-0.02,0.0
-1.03,-0.01,0.02
-1.02,-0.02,0.0
-1.02,-0.03,0.01
-1.02,-0.02,0.0
-1.02,-0.02,0.01
-1.02,-0.03,0.01
-1.02,-0.03,0.01
-1.02,-0.03,0.01
-1.02,-0.02,-0.01
-1.03,-0.02,0.0
-1.03,-0.03,0.01
-1.02,-0.02,0.02
-1.02,-0.01,0.01
-1.03,-0.03,0.01
-1.02,-0.03,0.0
-1.03,-0.02,-0.0
-1.03,-0.02,0.02
-1.03,-0.01,0.01
-1.03,-0.02,-0.0
-1.03,-0.03,0.0
-1.03,-0.01,0.02
-1.03,-0.01,0.03
-1.03,-0.02,0.01
-1.02,-0.03,-0.01
-1.02,-0.03,0.0
-1.03,-0.02,0.01
-1.03,-0.02,0.01
-1.03,-0.01,-0.0
-1.03,-0.02,0.01
-1.03,-0.02,0.0
-1.03,-0.02,0.0
-1.03,-0.01,0.01
-1.03,-0.01,0.02
-1.03,-0.02,0.01
-1.02,-0.04,-0.01
-1.02,-0.02,-0.0
-1.02,-0.01,0.01
-1.03,-0.02,0.01
-1.03,-0.02,0.0
-1.02,-0.02,-0.01
-1.03,-0.03,0.01
-1.03,-0.02,0.01
-1.03,-0.02,0.0
-1.02,-0.02,-0.0
-1.02,-0.03,0.0
-1.03,-0.02,-0.0
-1.03,-0.01,0.0
-1.03,-0.01,0.01
-1.03,-0.02,0.01
-1.03,-0.03,-0.0
-1.03,-0.03,-0.0
-1.02,-0.02,0.01
-1.03,-0.01,0.01
-1.03,-0.02,-0.01
-1.03,-0.03,-0.01
-1.02,-0.02,0.01
-1.02,-0.02,0.01
-1.03,-0.03,0.0
-1.03,-0.02,0.0
-1.03,-0.02,0.02
-1.02,-0.02,0.01
-1.02,-0.03,0.01
-1.02,-0.02,0.01
-1.02,-0.02,0.01
-1.03,-0.03,0.01
-1.02,-0.03,0.0
-1.02,-0.02,0.01
-1.02,-0.01,0.0
-1.02,-0.03,-0.0
-1.03,-0.03,0.01
-1.03,-0.01,0.02
-1.02,-0.02,0.01
-1.02,-0.04,-0.0
-1.03,-0.03,-0.0
-1.03,-0.03,0.0
-1.02,-0.02,0.01
-1.03,-0.02,0.01
-1.03,-0.03,-0.01
-1.03,-0.02,0.0
-1.03,-0.01,0.02
-1.03,-0.03,0.01
-1.02,-0.02,-0.0
-1.02,-0.02,0.0
-1.03,-0.02,0.0
-1.03,-0.02,0.01
-1.04,-0.02,0.01
-1.03,-0.01,0.01
-1.02,-0.01,0.0
-1.03,-0.02,-0.0
-1.03,-0.02,0.01
-1.03,-0.01,0.01
-1.03,-0.01,0.01
-1.03,-0.03,-0.01
-1.03,-0.02,-0.0
-1.02,-0.02,0.01
-1.02,-0.02,0.01
-1.03,-0.02,0.01
-1.02,-0.03,-0.0
-1.02,-0.03,-0.01
-1.02,-0.03,-0.0
-1.03,-0.02,0.01
-1.03,-0.02,0.02
-1.02,-0.02,-0.0
-1.02,-0.03,-0.01
-1.02,-0.03,-0.0
-1.02,-0.01,0.01
-1.02,-0.01,0.01
-1.03,-0.03,0.01
-1.02,-0.03,-0.0
-1.02,-0.04,-0.01
-1.02,-0.02,0.0
-1.03,-0.01,0.02
-1.03,-0.03,0.01
-1.02,-0.03,-0.0
-1.05,-0.02,-0.03
-1.05,0.07,0.1
-1.05,0.01,0.08
-1.01,-0.05,-0.04
-1.01,-0.05,-0.04
-1.03,-0.01,0.01
-1.05,-0.01,0.03
-1.02,-0.03,-0.01
-1.01,-0.04,-0.01
-1.03,-0.02,0.03
-1.03,-0.01,0.03
-1.03,-0.02,0.0
-1.03,-0.02,0.0
-1.02,-0.03,0.0
-1.02,-0.02,0.0
-1.02,-0.01,0.0
-1.03,-0.03,0.02
-1.03,-0.02,0.02
-1.03,-0.01,0.0
-1.03,-0.02,-0.0
-1.03,-0.03,0.0
-1.03,-0.02,0.01
-1.03,-0.01,0.0
-1.03,-0.01,0.01
-1.02,-0.02,0.02
-1.02,-0.04,0.03
-1.02,-0.05,-0.03
-1.02,-0.03,-0.02
-1.03,-0.03,-0.0
-1.03,0.01,0.04
-1.02,-0.03,-0.01
-1.02,-0.03,-0.01
-1.02,-0.03,0.0
-1.02,-0.02,0.01
-1.03,-0.0,0.01
-1.03,-0.02,0.0
-1.02,-0.03,-0.01
-1.02,-0.02,-0.01
-1.02,-0.01,0.01
-1.02,-0.02,0.01
-1.02,-0.02,0.0
-1.02,-0.02,0.0
-1.02,-0.02,0.0
-1.03,-0.02,0.0
-1.03,-0.02,0.0
-1.03,-0.03,0.01
-1.03,-0.02,0.01
-1.03,-0.02,0.01
-1.03,-0.02,0.0
-1.02,-0.03,-0.0
-1.01,-0.02,0.01
-1.02,-0.03,-0.0
-1.02,-0.03,0.0
-1.03,-0.02,0.01
-1.03,-0.02,0.0
-1.02,-0.02,0.01
-1.03,-0.01,0.01
-1.03,-0.02,0.0
-1.03,-0.03,0.01
-1.03,-0.01,0.01
-1.02,-0.01,-0.0
-1.03,-0.03,0.01
-1.04,-0.02,0.02
-1.03,-0.0,0.03
-1.02,-0.02,0.01
-1.03,-0.03,0.0
-1.03,-0.03,-0.01
-1.03,-0.02,0.0
-1.03,-0.01,0.03
-1.03,-0.02,0.01
-1.03,-0.02,-0.0
-1.03,-0.03,0.0
-1.02,-0.03,0.01
-1.03,-0.01,0.01
-1.02,-0.01,0.01
-1.02,-0.03,-0.01
-1.02,-0.04,-0.01
-1.03,-0.02,0.0
-1.04,-0.02,0.01
-1.03,-0.0,0.01
-1.02,-0.02,0.01
-1.03,-0.04,-0.01
-1.03,-0.02,-0.01
-1.03,-0.01,0.01
-1.02,-0.01,0.01
-1.03,-0.02,0.0
-1.02,-0.03,-0.01
-1.02,-0.02,-0.01
-1.03,-0.01,0.02
-1.03,-0.02,0.02
-1.02,-0.03,0.0
-1.02,-0.03,-0.02
-1.02,-0.03,-0.0
-1.03,-0.01,0.01
-1.02,-0.01,0.01
-1.02,-0.03,0.0
-1.02,-0.03,-0.0
-1.03,-0.03,-0.01
-1.02,-0.02,-0.0
-1.03,-0.01,0.02
-1.03,-0.02,0.02
-1.02,-0.03,-0.0
-1.02,-0.03,-0.02
-1.02,-0.01,0.01
-1.03,-0.01,0.02
-1.03,-0.02,0.01
-1.03,-0.03,0.0
-1.02,-0.02,0.01
-1.02,-0.02,0.01
-1.02,-0.03,0.0
-1.03,-0.02,0.01
-1.03,-0.02,0.02
-1.02,-0.03,-0.01
-1.01,-0.04,-0.0
-1.03,-0.02,0.01
-1.03,-0.01,0.03
-1.03,-0.02,0.01
-1.03,-0.03,-0.01
-1.02,-0.02,0.01
-1.02,-0.01,0.01
-1.03,-0.02,0.0
-1.03,-0.02,0.0
-1.03,-0.01,0.01
-1.02,-0.02,-0.0
-1.03,-0.03,0.01
-1.04,-0.01,0.01
-1.04,-0.01,0.01
-1.03,-0.02,0.0
-1.02,-0.03,-0.01
-1.02,-0.03,-0.02
-1.03,-0.02,0.01
-1.03,-0.02,0.01
-1.03,-0.03,0.0
-1.02,-0.02,0.0
-1.02,-0.01,0.01
-1.03,-0.02,-0.0
-1.03,-0.02,0.01
-1.03,-0.02,0.0
-1.02,-0.02,0.01
-1.02,-0.02,-0.0
-1.03,-0.02,-0.01
-1.03,-0.02,0.0
-1.03,-0.01,0.02
-1.03,-0.01,0.02
-1.03,-0.03,-0.0
-1.02,-0.02,-0.01
-1.02,-0.02,0.01
-1.02,-0.02,0.01
-1.03,-0.02,0.01
-1.02,-0.02,-0.0
-1.01,-0.03,-0.01
-1.02,-0.03,0.0
-1.03,-0.02,0.02
-1.03,-0.02,0.03
-1.03,-0.02,-0.0
-1.02,-0.03,-0.02
-1.03,-0.03,-0.0
-1.03,-0.01,0.02
-1.03,-0.02,0.02
-1.03,-0.03,-0.0
-1.03,-0.02,-0.0
-1.03,-0.03,0.0
-1.03,-0.02,0.01
-1.03,-0.0,0.03
-1.03,-0.02,0.01
-1.02,-0.03,-0.01
-1.02,-0.03,0.0
-1.02,-0.03,0.01
-1.03,-0.02,0.01
-1.02,-0.02,-0.0
-1.03,-0.03,0.01
-1.03,-0.02,0.01
-1.03,-0.02,0.0
-1.03,-0.01,0.0
-1.03,-0.01,0.01
-1.02,-0.03,-0.0
-1.02,-0.04,-0.01
-1.02,-0.02,0.01
-1.03,-0.0,0.02
-1.03,-0.02,-0.0
-1.03,-0.03,-0.01
-1.03,-0.02,0.02
-1.03,-0.01,0.02
-1.03,-0.01,-0.0
-1.03,-0.02,-0.01
-1.03,-0.02,-0.0
-1.03,-0.02,0.01
-1.03,-0.02,-0.01
-1.03,-0.02,0.01
-1.03,-0.01,0.02
-1.03,-0.02,0.01
-1.03,-0.03,-0.02
-1.03,-0.0,-0.01
-1.03,-0.01,0.02
-1.03,-0.03,0.01
-1.03,-0.03,-0.0
-1.03,-0.02,0.0
-1.03,-0.01,0.02
-1.02,-0.03,-0.01
-1.02,-0.04,-0.01
-1.04,-0.02,0.01
-0.99,-0.05,-0.08
-1.04,-0.01,0.04
-1.06,-0.01,0.06
-1.03,-0.02,-0.01
-1.02,-0.04,-0.02
-1.02,-0.01,-0.02
-1.03,-0.01,-0.03
-1.03,-0.03,0.04
-1.03,-0.01,0.03
-1.02,-0.02,-0.01
-1.03,-0.03,-0.0
-1.03,-0.03,0.03
-1.03,-0.02,0.01
-1.02,-0.02,-0.0
-1.02,-0.02,-0.0
-1.02,-0.03,0.01
-1.03,-0.02,0.01
-1.03,-0.02,0.01
-1.02,-0.02,0.01
-1.03,-0.03,0.01
-1.03,-0.03,0.0
-1.03,-0.02,0.0
-1.03,-0.01,0.01
-1.05,0.02,0.07
-1.04,0.01,0.06
-1.01,-0.05,-0.04
-1.01,-0.03,-0.02
-1.03,-0.02,-0.0
-1.03,0.01,0.01
-1.04,-0.01,0.01
-1.04,-0.02,-0.02
-1.03,-0.03,-0.01
-1.03,-0.01,0.02
-1.04,-0.01,0.02
-1.03,-0.03,0.0
-1.03,-0.02,0.0
-1.03,-0.01,-0.01
-1.03,-0.01,0.0
-1.03,-0.02,0.01
-1.03,-0.02,0.01
-1.03,-0.02,0.0
-1.03,-0.02,-0.0
-1.02,-0.02,-0.0
-1.03,-0.02,0.0
-1.02,-0.02,0.01
-1.02,-0.02,-0.0
-1.02,-0.02,0.0
-1.02,-0.03,0.0
-1.02,-0.03,0.0
-1.02,-0.02,0.0
-1.02,-0.02,0.0
-1.03,-0.02,0.02
-1.03,-0.01,0.01
-1.02,-0.02,0.01
-1.02,-0.02,0.0
-1.02,-0.02,0.0
-1.02,-0.03,0.0
-1.02,-0.02,0.0
-1.02,-0.02,-0.0
-1.02,-0.03,0.01
-1.02,-0.02,0.01
-1.03,-0.02,0.02
-1.02,-0.02,0.01
-1.03,-0.03,0.0
-1.02,-0.03,-0.02
-1.02,-0.02,0.0
-1.03,-0.01,0.02
-1.03,-0.01,0.02
-1.03,-0.03,-0.0
-1.03,-0.02,-0.0
-1.02,-0.01,0.03
-1.03,-0.02,0.02
-1.03,-0.02,-0.0
-1.02,-0.03,-0.01
-1.02,-0.03,0.01
-1.03,-0.02,0.01
-1.02,-0.01,0.01
-1.03,-0.02,0.02
-1.03,-0.01,0.01
-1.03,-0.02,0.0
-1.03,-0.02,-0.0
-1.03,-0.01,0.0
-1.02,-0.01,0.01
-1.03,-0.03,-0.0
-1.03,-0.03,-0.0
-1.02,-0.02,0.01
-1.03,-0.01,0.01
-1.03,-0.02,0.01
-1.03,-0.02,0.01
-1.03,-0.02,0.02
-1.02,-0.02,0.0
-1.02,-0.03,-0.0
-1.02,-0.02,-0.01
-1.03,-0.02,0.0
-1.02,-0.03,0.0
-1.02,-0.02,0.0
-1.02,-0.02,0.01
-1.02,-0.02,0.01
-1.03,-0.02,0.01
-1.02,-0.03,-0.01
-1.02,-0.02,-0.0
-1.02,-0.01,0.01
-1.02,-0.03,-0.0
-1.02,-0.04,-0.0
-1.03,-0.02,0.0
-1.03,-0.01,0.02
-1.03,-0.01,0.01
-1.03,-0.02,-0.01
-1.03,-0.02,0.0
-1.03,-0.02,0.02
-1.03,-0.02,0.01
-1.02,-0.03,-0.0
-1.03,-0.02,0.0
-1.03,-0.02,0.0
-1.03,-0.03,0.0
-1.03,-0.01,0.02
-1.03,-0.01,0.02
-1.03,-0.03,0.01
-1.03,-0.03,-0.0
-1.03,-0.03,-0.0
-1.02,-0.02,0.02
-1.02,-0.01,0.01
-1.03,-0.03,-0.0
-1.02,-0.03,-0.01
-1.03,-0.01,0.01
-1.03,-0.01,0.01
-1.03,-0.02,0.02
-1.03,-0.01,0.01
-1.02,-0.03,-0.01
-1.02,-0.03,-0.0
-1.02,-0.01,0.0
-1.03,-0.02,-0.0
-1.03,-0.02,0.01
-1.03,-0.02,0.01
-1.03,-0.02,0.01
-1.03,-0.02,0.01
-1.02,-0.02,0.01
-1.03,-0.03,-0.0
-1.03,-0.02,0.0
-1.02,-0.02,-0.02
-1.01,-0.03,-0.01
-1.02,-0.02,0.01
-1.03,-0.02,0.01
-1.04,-0.02,0.0
-1.03,-0.01,0.01
-1.03,-0.01,0.01
-1.03,-0.03,-0.01
-1.03,-0.02,-0.0
-1.02,-0.02,0.01
-1.02,-0.02,0.01
-1.03,-0.02,0.01
-1.02,-0.02,-0.0
-1.03,-0.02,0.01
-1.03,-0.01,0.02
-1.02,-0.02,0.0
-1.02,-0.03,0.01
-1.03,-0.02,-0.01
-1.03,-0.03,-0.02
-1.03,-0.03,0.0
-1.02,-0.01,0.02
-1.02,-0.02,0.01
-1.02,-0.01,0.02
-1.02,-0.03,0.0
-1.02,-0.04,-0.01
-1.02,-0.02,0.02
-1.02,-0.01,0.01
-1.02,-0.04,-0.01
-1.02,-0.03,-0.01
-1.02,-0.02,0.01
-1.02,-0.03,0.02
-1.02,-0.03,0.01
-1.02,-0.02,-0.0
-1.02,-0.03,0.0
-1.03,-0.02,0.01
-1.03,-0.03,0.0
-1.03,-0.02,0.0
-1.03,-0.01,0.01
-1.02,-0.03,-0.02
-1.02,-0.04,-0.01
-1.03,-0.02,0.02
-1.03,-0.0,0.03
-1.04,-0.02,0.01
-1.03,-0.02,-0.01
-1.03,-0.02,0.01
-1.03,-0.02,0.01
-1.03,-0.02,0.02
-1.03,-0.02,-0.0
-1.03,-0.02,-0.0
-1.03,-0.02,0.0
-1.03,-0.02,-0.01
-1.03,-0.02,0.0
-1.03,-0.0,0.02
-1.03,-0.01,0.02
-1.02,-0.02,-0.0
-0.99,-0.07,-0.11
-1.05,-0.0,0.05
-1.07,-0.0,0.01
-1.03,-0.01,-0.01
-1.03,-0.02,-0.02
-1.01,-0.02,-0.03
-1.02,-0.03,-0.0
-1.03,-0.02,0.04
-1.03,-0.01,0.03
-1.02,-0.01,-0.01
-1.03,-0.04,-0.01
-1.02,-0.03,0.02
-1.03,-0.02,0.01
-1.02,-0.02,-0.0
-1.02,-0.03,-0.01
-1.02,-0.03,0.0
-1.02,-0.02,0.01
-1.03,-0.01,0.01
-1.02,-0.02,0.01
-1.02,-0.03,-0.0
-1.02,-0.03,0.0
-1.02,-0.02,0.01
-1.02,-0.02,0.0
-1.02,-0.02,0.0
-1.03,-0.02,0.0
-1.04,-0.03,-0.04
-1.03,0.01,0.03
-1.06,0.02,0.09
-1.02,-0.04,0.01
-1.01,-0.04,-0.03
-1.01,-0.03,-0.05
-1.02,-0.01,-0.01
-1.04,-0.02,0.04
-1.04,-0.03,0.02
-1.02,-0.04,-0.01
-1.03,-0.01,-0.0
-1.03,-0.02,0.02
-1.03,-0.03,0.01
-1.02,-0.02,-0.0
-1.03,-0.01,-0.0
-1.03,-0.01,0.0
-1.03,-0.02,0.01
-1.03,-0.02,0.01
-1.03,-0.01,0.01
-1.03,-0.01,0.01
-1.03,-0.03,-0.0
-1.03,-0.03,-0.0
-1.03,-0.01,0.01
-1.03,-0.01,0.01
-1.03,-0.01,0.01
-1.03,-0.02,-0.0
-1.02,-0.02,-0.0
-1.03,-0.02,0.01
-1.02,-0.02,0.01
-1.03,-0.02,0.0
-1.03,-0.03,-0.0
-1.02,-0.02,0.0
-1.03,-0.02,0.0
-1.02,-0.02,0.0
-1.02,-0.02,0.0
-1.02,-0.02,-0.0
-1.03,-0.02,-0.0
-1.03,-0.02,0.0
-1.03,-0.02,0.03
-1.03,-0.01,0.02
-1.02,-0.03,-0.0
-1.02,-0.03,0.0
-1.02,-0.02,-0.0
-1.03,-0.03,-0.01
-1.03,-0.03,0.01
-1.02,-0.01,0.02
-1.02,-0.02,0.0
-1.02,-0.04,-0.01
-1.03,-0.03,0.01
-1.03,-0.02,0.01
-1.03,-0.01,0.02
-1.01,-0.03,-0.01
-1.02,-0.05,-0.02
-1.03,-0.02,0.0
-1.03,-0.01,0.02
-1.02,-0.03,0.02
-1.03,-0.03,0.0
-1.02,-0.02,-0.0
-1.03,-0.03,0.01
-1.03,-0.02,0.01
-1.03,-0.01,-0.0
-1.02,-0.02,-0.0
-1.02,-0.01,0.01
-1.03,-0.02,-0.02
-1.03,-0.03,0.0
-1.03,-0.0,0.03
-1.03,-0.01,0.03
-1.03,-0.03,0.0
-1.03,-0.02,-0.01
-1.03,-0.01,0.01
-1.03,-0.01,0.01
-1.03,-0.02,0.0
-1.03,-0.02,-0.0
-1.03,-0.02,0.0
-1.03,-0.02,0.01
-1.03,-0.02,0.0
-1.04,-0.01,0.02
-1.03,0.0,0.01
-1.02,-0.02,-0.01
-1.02,-0.03,-0.01
-1.02,-0.02,-0.0
-1.03,-0.02,0.02
-1.03,-0.03,0.0
-1.03,-0.02,-0.01
-1.02,-0.02,-0.0
-1.03,-0.01,0.02
-1.02,-0.02,0.0
-1.03,-0.03,-0.01
-1.02,-0.02,-0.01
-1.02,-0.02,0.0
-1.02,-0.03,0.0
-1.02,-0.03,-0.01
-1.02,-0.03,-0.01
-1.02,-0.03,0.02
-1.02,-0.02,0.01
-1.03,-0.02,0.0
-1.03,-0.02,0.01
-1.02,-0.02,0.0
-1.02,-0.03,-0.01
-1.02,-0.03,0.01
-1.02,-0.01,0.02
-1.02,-0.03,0.0
-1.02,-0.04,-0.0
-1.03,-0.02,0.01
-1.03,-0.01,0.03
-1.03,-0.01,0.01
-1.03,-0.02,-0.01
-1.03,-0.04,-0.01
-1.02,-0.02,-0.0
-1.02,-0.02,0.01
-1.02,-0.02,0.02
-1.03,-0.02,0.0
-1.02,-0.02,-0.0
-1.03,-0.02,-0.01
-1.04,-0.01,0.02
-1.03,-0.0,0.02
-1.03,-0.03,0.01
-1.02,-0.03,-0.0
-1.02,-0.03,-0.01
-1.02,-0.02,0.01
-1.03,-0.01,0.01
-1.03,-0.01,0.01
-1.03,-0.02,0.0
-1.03,-0.02,0.0
-1.02,-0.02,0.0
-1.03,-0.02,0.01
-1.04,-0.02,0.01
-1.02,-0.03,-0.01
-1.02,-0.03,-0.01
-1.03,-0.02,0.01
-1.03,-0.02,-0.0
-1.03,-0.02,0.01
-1.03,-0.02,0.0
-1.03,-0.02,0.01
-1.03,-0.02,0.0
-1.02,-0.02,-0.0
-1.02,-0.02,-0.01
-1.03,-0.03,0.0
-1.02,-0.02,-0.01
-1.02,-0.03,-0.01
-1.02,-0.01,0.01
-1.03,-0.02,0.0
-1.03,-0.03,0.01
-1.03,-0.01,-0.02
-1.02,-0.01,0.02
-1.02,-0.02,0.01
-1.02,-0.02,-0.01
-1.02,-0.03,-0.0
-1.02,-0.02,0.01
-1.03,-0.02,0.01
-1.02,-0.02,0.0
-1.01,0.01,0.12
-1.0,-0.05,0.02
-1.0,-0.07,-0.09
-1.04,-0.03,0.03
-1.04,0.01,0.04
-1.02,-0.02,0.01
-1.02,-0.04,-0.04
-1.03,-0.03,-0.0
-1.02,-0.04,0.03
-1.03,-0.0,0.03
-1.03,-0.01,0.01
-1.02,-0.04,0.0
-1.03,-0.03,-0.0
-1.02,-0.01,-0.01
-1.03,-0.01,0.01
-1.03,-0.02,0.02
-1.03,-0.02,0.01
-1.02,-0.02,0.0
-1.03,-0.01,0.02
-1.01,-0.0,0.03
-1.01,-0.07,-0.05
-1.02,-0.04,-0.01
-1.04,-0.01,0.02
-1.04,0.0,0.02
-1.03,-0.0,0.02
-1.03,-0.02,-0.01
-1.02,-0.03,-0.02
-1.03,-0.02,0.01
-1.02,-0.02,0.02
-1.03,-0.02,0.01
-1.03,-0.03,-0.0
-1.03,-0.03,-0.0
-1.02,-0.01,0.0
-1.02,-0.01,-0.0
-1.03,-0.02,0.0
-1.03,-0.02,0.01
-1.03,-0.02,0.01
-1.03,-0.02,0.0
-1.02,-0.02,0.0
-1.02,-0.03,0.0
-1.02,-0.02,0.0
-1.03,-0.02,0.01
-1.03,-0.02,0.01
-1.03,-0.02,0.01
-1.03,-0.02,0.0
-1.02,-0.03,0.01
-1.02,-0.02,0.01
-1.03,-0.02,0.01
-1.02,-0.04,-0.0
-1.02,-0.03,0.0
-1.03,-0.01,0.01
-1.02,-0.02,0.01
-1.02,-0.03,-0.0
-1.02,-0.03,0.0
-1.02,-0.03,0.0
-1.03,-0.02,0.01
-1.03,-0.02,0.02
-1.02,-0.03,0.01
-1.02,-0.02,-0.0
-1.02,-0.01,0.01
-1.02,-0.02,-0.02
-1.03,-0.02,0.01
-1.03,-0.0,0.03
-1.03,-0.02,0.03
-1.03,-0.01,0.01
-1.03,-0.03,-0.0
-1.03,-0.03,-0.0
-1.03,-0.01,0.01
-1.02,-0.01,0.0
-1.02,-0.03,-0.01
-1.03,-0.02,0.0
-1.03,-0.01,0.02
-1.03,-0.02,0.02
-1.03,-0.02,0.02
-1.03,-0.02,-0.0
-1.02,-0.03,-0.01
-1.02,-0.02,-0.0
-1.02,-0.03,0.0
-1.02,-0.02,0.01
-1.02,-0.01,0.0
-1.03,-0.03,-0.0
-1.03,-0.02,0.0
-1.03,-0.0,0.01
-1.03,-0.01,0.0
-1.03,-0.03,-0.0
-1.02,-0.02,-0.0
-1.02,-0.02,0.0
-1.02,-0.03,-0.0
-1.02,-0.01,0.01
-1.03,-0.02,0.0
-1.03,-0.02,-0.0
-1.02,-0.01,0.01
-1.03,-0.02,0.01
-1.03,-0.02,0.01
-1.02,-0.02,0.0
-1.02,-0.03,0.0
-1.02,-0.03,-0.0
-1.02,-0.02,0.01
-1.02,-0.02,0.0
-1.03,-0.03,0.02
-1.03,-0.02,0.01
-1.03,-0.03,0.01
-1.02,-0.01,0.01
-1.02,-0.02,0.02
-1.03,-0.03,-0.0
-1.03,-0.02,-0.01
-1.02,-0.02,0.01
-1.02,-0.02,0.01
-1.03,-0.02,0.0
-1.03,-0.02,0.0
-1.03,-0.03,0.01
-1.03,-0.01,0.02
-1.03,-0.02,0.01
-1.02,-0.03,-0.0
-1.02,-0.03,-0.01
-1.02,-0.03,0.0
-1.03,-0.02,0.01
-1.03,-0.01,0.01
-1.03,-0.02,0.01
-1.03,-0.02,0.0
-1.03,-0.02,0.0
-1.02,-0.01,-0.0
-1.03,-0.02,0.02
-1.03,-0.02,0.02
-1.03,-0.03,-0.01
-1.03,-0.02,-0.01
-1.03,-0.01,0.01
-1.03,-0.02,0.02
-1.03,-0.01,0.0
-1.03,-0.02,0.0
-1.03,-0.02,0.01
-1.03,-0.02,0.01
-1.02,-0.02,0.01
-1.02,-0.02,-0.0
-1.03,-0.02,0.0
-1.02,-0.02,-0.01
-1.02,-0.04,-0.01
-1.03,-0.01,0.01
-1.03,-0.01,0.03
-1.03,-0.02,0.0
-1.03,-0.03,-0.01
-1.02,-0.02,0.01
-1.03,-0.01,0.01
-1.03,-0.02,-0.01
-1.02,-0.03,-0.0
-1.02,-0.02,0.01
-1.02,-0.02,0.01
-1.02,-0.03,-0.01
-1.02,-0.03,-0.01
-1.03,-0.01,0.02
-1.03,-0.02,0.01
-1.02,-0.04,-0.0
-1.01,-0.03,-0.01
-1.02,-0.02,0.01
-1.02,-0.03,0.0
-1.03,-0.03,0.0
-1.02,-0.02,0.01
-1.03,-0.01,0.01
-1.03,-0.03,0.0
-1.03,-0.03,-0.0
-1.04,-0.02,0.01
-1.03,-0.0,0.02
-1.02,-0.02,0.0
-1.02,-0.03,-0.01
-1.02,-0.03,-0.01
-1.03,-0.02,0.02
-1.03,-0.01,0.02
-1.03,-0.02,0.01
-1.02,-0.02,0.0
-1.03,-0.02,0.01
-1.0,-0.09,-0.09
-1.05,0.01,0.07
-1.06,0.01,0.07
-1.02,-0.04,-0.02
-1.02,-0.05,-0.02
-1.02,-0.02,-0.01
-1.03,-0.0,0.04
-1.03,-0.0,0.03
-1.02,-0.03,-0.03
-1.02,-0.03,-0.01
-1.03,-0.02,0.02
-1.03,-0.01,0.01
-1.03,-0.01,0.01
-1.03,-0.02,0.0
-1.02,-0.02,-0.0
-1.03,-0.02,-0.01
-1.03,-0.01,0.0
-1.02,-0.02,0.0
-1.03,-0.02,0.01
-1.03,-0.02,0.01
-1.03,-0.02,0.0
-1.02,-0.02,0.0
-1.03,-0.02,0.0
-1.02,-0.03,-0.0
-1.03,-0.01,0.01
-1.02,-0.02,0.01
-1.02,-0.01,0.04
-1.01,-0.06,-0.04
-1.01,-0.06,-0.01
-1.03,-0.01,0.02
-1.04,0.01,0.03
-1.02,-0.03,0.01
-1.01,-0.05,-0.03
-1.01,-0.05,-0.02
-1.02,-0.02,0.02
-1.03,-0.0,0.03
-1.02,-0.02,0.02
-1.02,-0.04,-0.01
-1.02,-0.03,-0.01
-1.02,-0.02,0.01
-1.02,-0.02,0.01
-1.02,-0.02,0.01
-1.03,-0.02,0.01
-1.02,-0.02,0.01
-1.03,-0.02,0.01
-1.02,-0.02,0.01
-1.03,-0.03,0.0
-1.03,-0.02,0.0
-1.03,-0.02,0.01
-1.03,-0.02,0.02
-1.03,-0.02,0.01
-1.03,-0.02,-0.0
-1.03,-0.02,0.0
-1.03,-0.02,0.01
-1.03,-0.01,0.01
-1.03,-0.02,0.01
-1.03,-0.02,0.0
-1.03,-0.01,0.01
-1.03,-0.02,-0.0
-1.02,-0.03,-0.0
-1.0,-0.02,-0.0
-1.03,-0.01,0.02
-1.03,-0.01,0.01
-1.03,-0.02,0.0
-1.03,-0.03,-0.0
-1.03,-0.01,0.0
-1.03,-0.02,0.0
-1.03,-0.03,-0.01
-1.03,-0.02,0.0
-1.03,-0.01,0.01
-1.03,-0.02,0.01
-1.04,-0.01,0.02
-1.03,-0.01,0.01
-1.02,-0.03,-0.01
-1.02,-0.03,-0.01
-1.02,-0.03,0.0
-1.02,-0.02,0.01
-1.02,-0.01,0.01
-1.02,-0.03,0.0
-1.03,-0.03,0.0
-1.03,-0.01,0.01
-1.02,-0.02,-0.0
-1.02,-0.03,-0.01
-1.03,-0.02,0.01
-1.02,-0.04,-0.01
-1.02,-0.03,0.0
-1.02,-0.01,0.01
-1.02,-0.03,-0.0
-1.03,-0.02,0.01
-1.03,-0.02,0.03
-1.02,-0.03,0.01
-1.02,-0.02,-0.01
-1.02,-0.03,-0.0
-1.02,-0.03,0.01
-1.03,-0.02,0.02
-1.02,-0.02,-0.0
-1.02,-0.03,-0.01
-1.03,-0.02,0.01
-1.03,-0.02,0.01
-1.03,-0.02,0.01
-1.03,-0.01,0.01
-1.02,-0.02,0.01
-1.03,-0.04,-0.01
-1.03,-0.02,-0.0
-1.03,-0.01,0.01
-1.03,-0.01,0.02
-1.03,-0.02,0.01
-1.03,-0.02,0.0
-1.03,-0.02,-0.0
-1.03,-0.01,0.01
-1.03,-0.02,0.01
-1.03,-0.02,0.01
-1.02,-0.02,-0.01
-1.02,-0.03,0.0
-1.03,-0.02,0.0
-1.02,-0.01,0.01
-1.03,-0.02,0.01
-1.03,-0.02,0.0
-1.03,-0.03,0.0
-1.02,-0.01,-0.01
-1.03,-0.01,0.01
-1.03,-0.0,0.02
-1.03,-0.02,-0.0
-1.02,-0.02,-0.02
-1.02,-0.02,0.0
-1.03,-0.02,0.02
-1.03,-0.02,0.01
-1.03,-0.02,0.01
-1.02,-0.03,0.01
-1.02,-0.03,-0.0
-1.02,-0.03,-0.0
-1.02,-0.02,0.0
-1.02,-0.02,0.02
-1.02,-0.03,0.0
-1.02,-0.04,-0.01
-1.02,-0.02,0.01
-1.03,-0.01,0.02
-1.03,-0.02,0.01
-1.02,-0.03,-0.01
-1.02,-0.02,0.01
-1.02,-0.02,0.0
-1.03,-0.03,-0.01
-1.02,-0.03,-0.0
-1.02,-0.02,0.01
-1.03,-0.02,0.02
-1.02,-0.02,-0.0
-1.02,-0.03,-0.01
-1.03,-0.02,0.01
-1.03,-0.02,0.02
-1.03,-0.02,0.01
-1.02,-0.03,-0.01
-1.02,-0.02,0.0
-1.03,-0.02,-0.0
-1.03,-0.03,0.01
-1.03,-0.01,0.02
-1.03,-0.01,0.01
-1.02,-0.02,0.0
-1.03,-0.03,-0.01
-1.04,-0.02,0.01
-1.03,-0.0,0.02
-1.02,-0.02,0.01
-1.03,-0.02,-0.01
-1.02,-0.03,-0.0
-1.03,-0.02,0.02
-1.03,-0.01,0.02
-1.03,-0.02,0.0
-1.02,-0.02,-0.01
-1.02,-0.02,-0.0
-1.02,-0.03,0.0
-1.03,-0.02,0.0
-1.03,-0.01,0.01
-1.03,-0.01,0.01
-1.03,-0.02,-0.0
-1.03,-0.02,-0.01
-1.02,-0.02,0.01
-1.03,-0.01,0.01
-1.03,-0.02,-0.0
-1.03,-0.03,-0.0
-1.02,-0.01,-0.02
-1.02,-0.02,0.01
-1.03,-0.02,0.01
-1.03,-0.02,0.0
-1.03,-0.02,0.01
-1.02,-0.03,0.0
-1.02,-0.02,0.01
-1.02,-0.02,0.01
-1.02,-0.02,0.01
-1.02,-0.03,0.01
-1.03,-0.03,-0.01
-1.02,-0.02,0.01
-1.02,-0.01,0.01
-1.03,-0.02,0.02
-1.03,-0.02,0.01
-1.02,-0.02,0.0
-1.02,-0.03,-0.0
-1.02,-0.02,-0.0
-1.02,-0.02,0.0
-0.99,-0.09,-0.06
-1.01,-0.05,-0.01
-1.05,-0.02,0.06
-1.04,-0.01,0.02
-1.03,-0.01,-0.01
-1.03,-0.05,-0.03
-1.02,-0.02,0.01
-1.03,-0.03,0.04
-1.02,-0.03,0.01
-1.03,-0.01,0.01
-1.03,-0.02,0.02
-1.03,-0.02,0.01
-1.03,-0.02,-0.01
-1.02,-0.01,0.0
-1.03,-0.01,-0.0
-1.03,-0.02,0.01
-1.03,-0.02,0.01
-1.03,-0.02,0.01
-1.03,-0.02,0.01
-1.03,-0.02,0.0
-1.03,-0.02,0.0
-1.03,-0.02,0.0
-1.03,-0.01,0.0
-1.03,-0.02,0.0
-1.03,-0.02,0.0
-1.03,-0.02,0.01
-1.05,0.03,0.08
-1.03,0.01,0.05
-1.01,-0.05,-0.06
-1.01,-0.04,-0.03
-1.03,-0.02,-0.0
-1.03,-0.0,-0.0
-1.03,-0.02,-0.01
-1.03,-0.03,0.01
-1.03,-0.02,0.03
-1.03,-0.02,0.01
-1.02,-0.02,0.0
-1.02,-0.03,0.01
-1.03,-0.02,0.01
-1.02,-0.02,-0.01
-1.02,-0.02,-0.0
-1.02,-0.02,0.0
-1.02,-0.03,0.01
-1.03,-0.02,0.01
-1.02,-0.02,0.01
-1.02,-0.03,0.01
-1.02,-0.03,0.0
-1.02,-0.02,0.01
-1.03,-0.02,0.01
-1.02,-0.02,0.01
-1.03,-0.02,-0.0
-1.02,-0.02,0.01
-1.03,-0.03,0.01
-1.03,-0.02,0.02
-1.02,-0.02,0.01
-1.02,-0.03,0.01
-1.03,-0.03,-0.0
-1.02,-0.02,0.0
-1.03,-0.01,-0.0
-1.02,-0.02,0.0
-1.02,-0.03,0.0
-1.03,-0.03,0.01
-1.03,-0.01,0.02
-1.03,-0.01,0.01
-1.03,-0.03,-0.0
-1.02,-0.03,-0.01
-1.04,-0.02,0.01
-1.03,-0.01,0.02
-1.02,-0.01,0.01
-1.03,-0.02,-0.01
-1.03,-0.02,-0.0
-1.03,-0.01,0.02
-1.03,-0.01,0.02
-1.03,-0.03,0.0
-1.03,-0.02,-0.01
-1.02,-0.02,0.01
-1.02,-0.02,0.01
-1.03,-0.02,0.01
-1.03,-0.02,0.01
-1.02,-0.02,0.0
-1.03,-0.03,0.0
-1.03,-0.03,-0.0
-1.02,-0.02,0.01
-1.02,-0.01,0.0
-1.03,-0.03,-0.01
-1.03,-0.03,-0.01
-1.02,-0.01,0.0
-1.03,-0.02,0.01
-1.03,-0.03,0.02
-1.02,-0.02,0.01
-1.02,-0.03,-0.01
-1.02,-0.02,-0.0
-1.02,-0.02,0.01
-1.03,-0.02,0.01
-1.02,-0.02,0.01
-1.02,-0.03,0.0
-1.02,-0.04,0.0
-1.02,-0.03,0.01
-1.02,-0.01,0.01
-1.03,-0.03,0.01
-1.03,-0.02,0.01
-1.02,-0.03,-0.01
-1.02,-0.02,-0.0
-1.03,-0.02,0.01
-1.03,-0.02,0.0
-1.03,-0.03,0.0
-1.03,-0.02,0.02
-1.02,-0.02,0.02
-1.03,-0.03,-0.0
-1.03,-0.02,-0.0
-1.03,-0.01,0.01
-1.03,-0.02,0.01
-1.02,-0.02,0.01
-1.02,-0.03,-0.0
-1.03,-0.01,0.01
-1.03,-0.01,0.02
-1.03,-0.02,0.01
-1.03,-0.01,0.0
-1.03,-0.01,0.01
-1.03,-0.02,-0.0
-1.03,-0.02,0.0
-1.03,-0.01,0.01
-1.03,-0.01,0.02
-1.03,-0.02,0.0
-1.03,-0.02,-0.01
-1.03,-0.03,-0.01
-1.02,-0.01,0.02
-1.03,-0.01,0.02
-1.03,-0.02,0.0
-1.02,-0.02,-0.0
-1.03,-0.02,0.01
-1.03,-0.03,0.0
-1.03,-0.02,0.01
-1.02,-0.02,-0.0
-1.03,-0.03,0.01
-1.03,-0.02,0.0
-1.03,-0.03,-0.0
-1.03,-0.02,0.01
-1.03,-0.0,0.01
-1.02,-0.03,-0.0
-1.02,-0.03,-0.01
-1.02,-0.01,0.0
-1.02,-0.02,0.01
-1.02,-0.03,-0.0
-1.02,-0.02,-0.0
-1.02,-0.02,0.01
-1.02,-0.03,0.01
-1.02,-0.02,0.02
-1.02,-0.03,0.0
-1.02,-0.02,0.01
-1.02,-0.02,0.01
-1.02,-0.04,-0.0
-1.02,-0.03,-0.01
-1.03,-0.01,0.01
-1.03,-0.02,0.0
-1.03,-0.03,0.0
-1.02,-0.01,0.02
-1.02,-0.02,0.01
-1.03,-0.03,-0.0
-1.03,-0.02,-0.01
-1.03,-0.03,0.01
-1.03,-0.01,0.02
-1.02,-0.02,0.01
-1.02,-0.03,-0.01
-1.03,-0.02,0.0
-1.03,-0.01,0.02
-1.03,-0.02,0.01
-1.03,-0.02,0.01
-1.03,-0.02,0.0
-1.03,-0.03,-0.0
-1.03,-0.02,0.01
-1.03,-0.01,0.01
-1.03,-0.02,0.02
-1.03,-0.01,0.0
-1.03,-0.03,0.0
-1.03,-0.02,0.0
-1.03,-0.0,0.01
-1.02,-0.06,-0.08
-1.05,0.03,0.01
-1.06,-0.0,0.05
-1.03,-0.02,0.01
-1.01,-0.04,-0.02
-1.02,-0.03,-0.02
-1.03,-0.01,0.04
-1.03,-0.01,0.03
-1.02,-0.02,-0.01
-1.03,-0.03,-0.02
-1.03,-0.02,0.03
-1.03,-0.02,0.01
-1.02,-0.02,-0.01
-1.02,-0.02,-0.01
-1.02,-0.03,-0.01
-1.02,-0.02,0.0
-1.03,-0.02,0.0
-1.02,-0.03,0.01
-1.02,-0.02,0.0
-1.02,-0.02,0.01
-1.05,-0.03,-0.04
-1.02,-0.03,-0.03
-1.05,-0.01,0.05
-1.04,-0.02,0.02
-1.02,-0.02,-0.01
-1.02,-0.04,-0.02
-1.02,-0.03,-0.02
-1.03,-0.02,0.0
-1.04,-0.02,0.04
-1.03,-0.02,0.03
-1.02,-0.03,-0.0
-1.02,-0.02,0.01
-1.02,-0.02,0.01
-1.03,-0.01,0.0
-1.02,-0.02,-0.01
-1.02,-0.02,0.0
-1.03,-0.02,0.02
-1.03,-0.02,0.02
-1.03,-0.02,0.01
-1.03,-0.02,0.0
-1.02,-0.02,0.0
-1.03,-0.02,0.0
-1.03,-0.01,0.01
-1.03,-0.02,0.01
-1.03,-0.02,0.0
-1.03,-0.02,0.0
-1.03,-0.02,0.01
-1.03,-0.01,0.01
-1.03,-0.03,-0.0
-1.03,-0.02,-0.01
-1.03,-0.02,0.0
-1.03,-0.02,-0.0
-1.03,-0.01,-0.01
-1.02,-0.03,0.03
-1.03,-0.02,0.0
-1.03,-0.02,0.0
-1.03,-0.01,0.01
-1.03,-0.02,0.01
-1.02,-0.03,-0.01
-1.03,-0.02,-0.0
-1.02,-0.01,0.01
-1.02,-0.02,0.02
-1.02,-0.02,0.0
-1.02,-0.02,-0.01
-1.02,-0.02,0.0
-1.03,-0.02,0.01
-1.02,-0.03,0.0
-1.02,-0.02,0.01
-1.02,-0.02,-0.0
-1.02,-0.03,-0.0
-1.03,-0.03,-0.0
-1.02,-0.01,0.0
-1.02,-0.02,0.01
-1.03,-0.03,0.01
-1.02,-0.03,-0.0
-1.02,-0.02,0.0
-1.02,-0.01,0.0
-1.03,-0.03,0.02
-1.03,-0.03,0.0
-1.02,-0.02,-0.0
-1.02,-0.02,0.01
-1.02,-0.02,0.02
-1.03,-0.02,-0.0
-1.03,-0.03,0.01
-1.03,-0.03,0.02
-1.03,-0.02,0.01
-1.02,-0.02,0.0
-1.02,-0.02,-0.0
-1.03,-0.02,0.01
-1.03,-0.02,0.01
-1.03,-0.02,0.01
-1.03,-0.01,0.02
-1.03,-0.02,0.01
-1.03,-0.03,0.0
-1.03,-0.02,-0.01
-1.03,-0.01,0.02
-1.03,-0.01,0.01
-1.03,-0.02,-0.01
-1.03,-0.02,-0.0
-1.02,-0.01,0.02
-1.03,-0.02,0.02
-1.03,-0.03,-0.0
-1.03,-0.02,-0.0
-1.03,-0.01,0.0
-1.03,-0.02,0.0
-1.03,-0.02,0.01
-1.02,-0.02,-0.0
-1.03,-0.02,0.01
-1.03,-0.02,-0.0
-1.03,-0.02,0.0
-1.03,-0.02,0.01
-1.03,-0.01,0.01
-1.02,-0.03,-0.01
-1.02,-0.03,-0.01
-1.03,-0.02,-0.0
-1.02,-0.01,0.02
-1.02,-0.02,0.01
-1.02,-0.02,-0.0
-1.02,-0.03,-0.01
-1.02,-0.03,0.01
-1.02,-0.02,0.01
-1.02,-0.03,0.0
-1.02,-0.02,-0.0
-1.03,-0.02,0.01
-1.03,-0.03,0.0
-1.02,-0.02,0.0
-1.03,-0.01,0.01
-1.02,-0.02,0.01
-1.02,-0.03,0.0
-1.03,-0.03,0.0
-1.02,-0.02,0.02
-1.03,-0.01,0.01
-1.03,-0.02,-0.01
-1.02,-0.03,-0.0
-1.02,-0.01,0.01
-1.03,-0.02,0.01
-1.03,-0.03,0.0
-1.03,-0.02,0.01
-1.03,-0.03,-0.01
-1.02,-0.03,-0.0
-1.03,-0.02,0.01
-1.03,-0.01,0.02
-1.02,-0.02,0.01
-1.03,-0.03,0.01
-1.03,-0.03,0.0
-1.03,-0.02,0.02
-1.03,-0.01,0.01
-1.03,-0.03,0.0
-1.03,-0.03,-0.0
-1.02,-0.02,-0.01
-1.03,-0.02,0.01
-1.03,-0.01,0.01
-1.03,-0.02,-0.0
-1.02,-0.03,-0.01
-1.02,-0.02,0.0
-1.02,-0.01,0.01
-1.02,-0.03,-0.01
-1.02,-0.02,-0.0
-1.02,-0.01,0.0
-1.03,-0.03,0.01
-1.02,-0.02,0.0
-1.02,-0.01,0.01
-1.02,-0.02,-0.0
-1.03,-0.02,-0.0
-1.03,-0.03,0.0
-1.02,-0.01,0.01
-1.03,-0.01,0.01
-1.03,-0.02,-0.01
-1.03,-0.02,-0.0
-1.03,-0.01,0.01
-1.05,-0.02,-0.01
-1.01,-0.08,-0.11
-1.04,0.01,0.06
-1.04,-0.01,0.01
-1.02,-0.03,-0.02
-1.03,-0.04,0.0
-1.02,-0.02,-0.01
-1.03,-0.02,-0.0
-1.02,-0.02,0.03
-1.03,-0.02,0.01
-1.02,-0.03,-0.01
-1.03,-0.02,0.01
-1.02,-0.02,0.01
-1.02,-0.02,0.0
-1.03,-0.02,0.01
-1.03,-0.02,0.01
-1.02,-0.03,0.0
-1.02,-0.02,-0.0
-1.02,-0.02,0.0
-1.03,-0.02,0.01
-1.03,-0.02,0.01
-1.03,-0.03,0.01
-1.02,-0.02,0.0
-1.02,-0.02,0.01
-1.0,-0.06,-0.0
-1.01,-0.06,-0.03
-1.03,-0.02,0.02
-1.04,0.01,0.03
-1.03,0.0,0.03
-1.02,-0.04,-0.01
-1.03,-0.03,-0.01
-1.02,-0.01,0.02
-1.03,-0.01,0.0
-1.03,-0.02,0.0
-1.03,-0.01,0.02
-1.03,-0.02,0.01
-1.03,-0.02,0.0
-1.03,-0.01,0.0
-1.03,-0.02,-0.0
-1.03,-0.02,0.0
-1.03,-0.02,0.0
-1.02,-0.02,0.0
-1.02,-0.02,0.01
-1.03,-0.02,0.01
-1.02,-0.02,0.0
-1.03,-0.02,-0.0
-1.03,-0.02,0.0
-1.03,-0.02,0.0
-1.03,-0.02,0.01
-1.03,-0.02,0.01
-1.02,-0.03,-0.0
-1.02,-0.02,0.0
-1.03,-0.02,-0.0
-1.03,-0.02,0.01
-1.03,-0.01,0.02
-1.02,-0.02,0.0
-1.02,-0.03,0.0
-1.02,-0.02,0.01
-1.03,-0.02,0.0
-1.02,-0.02,0.0
-1.02,-0.03,0.01
-1.02,-0.03,0.0
-1.02,-0.03,0.01
-1.02,-0.02,0.0
-1.02,-0.02,0.01
-1.03,-0.02,0.0
-1.02,-0.04,0.0
-1.02,-0.02,0.0
-1.02,-0.01,0.01
-1.02,-0.04,-0.0
-1.02,-0.03,-0.0
-1.03,-0.01,0.02
-1.03,-0.02,0.01
-1.03,-0.03,0.03
-1.02,-0.02,-0.01
-1.02,-0.04,-0.01
-1.03,-0.03,0.01
-1.02,-0.02,0.02
-1.03,-0.03,0.0
-1.02,-0.02,-0.0
-1.03,-0.02,0.01
-1.03,-0.03,0.0
-1.03,-0.01,-0.0
-1.03,-0.01,0.01
-1.03,-0.03,0.01
