-1.01,-0.05,-0.01
-1.0,-0.04,0.03
-1.02,-0.03,0.01
-1.02,-0.07,0.03
-1.02,-0.05,0.02
-1.05,-0.04,0.02
-1.03,-0.08,0.09
-1.02,-0.03,0.02
-1.01,-0.05,-0.0
-1.02,-0.04,0.02
-1.02,-0.02,-0.01
-1.06,-0.06,0.08
-1.03,-0.03,0.03
-1.0,-0.03,0.01
-1.04,-0.02,-0.01
-1.02,-0.05,0.01
-1.02,-0.04,0.04
-1.03,-0.04,0.03
-0.97,-0.06,0.01
-1.04,-0.07,0.07
-1.02,-0.01,0.02
-1.02,-0.04,0.01
-1.04,-0.05,-0.03
-1.02,-0.06,-0.01
-1.03,-0.05,0.04
-1.03,-0.03,0.04
-1.03,-0.04,0.03
-1.02,-0.02,-0.03
-1.02,-0.06,0.01
-1.03,-0.05,0.03
-0.99,0.02,0.02
-1.01,-0.09,0.06
-1.03,-0.04,0.03
-1.03,-0.03,0.01
-1.02,-0.02,-0.0
-1.02,-0.02,-0.03
-1.02,-0.06,0.03
-1.03,-0.04,0.04
-1.03,-0.05,0.03
-1.02,-0.05,0.02
-1.01,-0.01,-0.01
-1.02,-0.04,0.02
-1.02,-0.05,0.01
-1.0,-0.03,-0.04
-1.02,-0.08,0.06
-1.03,-0.02,0.04
-1.02,-0.02,0.06
-1.03,-0.04,-0.0
-1.02,-0.04,-0.03
-1.03,-0.06,0.03
-1.03,-0.04,0.04
-1.0,-0.05,0.04
-1.02,-0.04,0.02
-1.02,-0.02,-0.0
-1.02,-0.04,0.02
-1.08,-0.07,0.01
-1.01,-0.04,-0.01
-1.03,-0.08,0.06
-1.03,-0.04,0.03
-1.04,-0.05,0.05
-1.02,0.0,-0.01
-1.02,-0.05,0.0
-1.02,-0.05,0.02
-1.0,-0.03,0.03
-1.02,-0.08,0.07
-1.02,-0.02,0.02
-1.02,-0.05,-0.01
-1.01,-0.05,0.01
-1.05,0.02,0.01
-1.02,-0.04,0.02
-1.02,-0.02,0.04
-1.03,-0.06,0.03
-1.03,-0.05,0.02
-1.02,0.0,-0.01
-1.02,-0.04,0.03
-1.02,-0.04,0.02
-1.01,-0.05,0.0
-1.03,-0.07,0.05
-1.02,-0.03,0.02
-1.02,-0.05,0.01
-1.02,-0.11,0.08
-1.04,-0.06,0.07
-1.01,-0.04,-0.0
-1.02,-0.03,0.03
-1.06,-0.03,-0.02
-1.02,-0.07,0.02
-1.03,-0.06,0.06
-1.03,-0.04,0.03
-1.04,-0.06,-0.02
-1.03,-0.09,0.07
-1.03,-0.04,0.05
-1.01,-0.04,0.01
-1.02,-0.05,-0.0
-1.05,-0.07,0.07
-1.03,-0.03,-0.04
-1.01,-0.04,-0.01
-1.03,-0.03,0.03
-1.03,-0.05,0.03
-1.02,-0.04,-0.02
-1.03,-0.06,0.04
-1.03,-0.04,0.04
-1.02,-0.06,0.02
-1.01,-0.02,-0.04
-1.02,-0.08,0.04
-1.03,-0.03,0.03
-1.03,-0.04,0.02
-1.05,-0.03,-0.01
-1.02,-0.06,0.04
-1.03,-0.08,0.07
-1.02,-0.04,0.02
-1.02,-0.05,0.01
-1.02,-0.04,0.01
-1.03,-0.08,0.07
-1.03,-0.03,0.04
-1.02,-0.05,0.02
-1.07,-0.03,-0.06
-1.01,0.02,-0.06
-1.04,-0.06,0.09
-1.03,-0.04,0.04
-1.02,-0.05,0.01
-1.04,-0.01,-0.0
-1.02,0.0,-0.05
-1.03,-0.06,0.03
-1.03,-0.04,0.03
-1.03,-0.05,0.05
-1.01,-0.08,0.07
-1.01,-0.02,-0.01
-1.02,-0.04,-0.03
-1.02,-0.04,0.01
-1.03,-0.04,-0.03
-1.01,-0.03,-0.01
-1.04,-0.05,0.08
-1.03,-0.03,0.04
-1.02,-0.04,0.01
-1.0,-0.04,-0.01
-1.03,-0.06,0.05
-1.02,-0.01,0.0
-1.02,-0.05,0.0
-1.02,-0.04,0.02
-1.05,-0.04,0.01
-1.01,-0.0,-0.04
-1.03,-0.07,0.05
-1.03,-0.04,0.04
-1.02,-0.05,0.01
-1.02,-0.02,-0.07
-1.02,-0.1,0.05
-1.03,-0.04,0.07
-1.03,-0.02,0.03
-1.01,-0.05,0.01
-1.03,-0.04,-0.01
-1.01,-0.09,0.08
-1.03,-0.07,0.07
-1.02,-0.04,0.01
-1.02,-0.04,0.01
-1.03,-0.05,0.02
-1.02,-0.09,0.1
-1.03,-0.04,0.04
-1.01,-0.05,-0.01
-1.02,-0.04,0.01
-1.03,-0.04,0.03
-1.01,-0.04,-0.01
-1.05,-0.09,0.1
-1.03,-0.02,0.04
-1.02,-0.05,0.0
-1.02,-0.04,-0.01
-1.06,-0.06,0.03
-1.02,-0.03,0.01
-1.02,-0.06,0.03
-1.03,-0.04,0.02
-1.02,-0.05,0.02
-1.0,-0.04,0.03
-1.02,-0.06,0.07
-1.01,-0.01,-0.03
-1.01,-0.03,-0.02
-1.03,-0.04,0.03
-1.03,-0.04,0.03
-1.04,-0.0,-0.05
-1.02,-0.07,0.03
-1.04,-0.07,0.1
-1.03,-0.04,0.04
-1.03,-0.05,0.01
-1.03,-0.03,0.0
-1.0,-0.04,0.02
-1.03,-0.06,0.06
-1.02,-0.04,0.02
-1.02,-0.04,0.01
-1.02,-0.04,0.01
-1.01,-0.04,0.03
-0.99,-0.07,0.08
-1.02,-0.03,0.02
-1.01,-0.05,-0.01
-1.02,-0.05,0.01
-1.02,-0.05,0.03
-1.03,-0.05,0.01
-1.02,-0.12,0.13
-1.03,-0.05,0.06
-1.01,-0.03,-0.01
-1.01,-0.05,-0.0
-1.02,-0.05,0.03
-1.02,-0.06,0.04
-1.02,-0.04,-0.0
-1.02,-0.05,0.05
-1.02,-0.04,0.03
-1.01,-0.04,0.01
-1.02,-0.04,0.0
-1.0,-0.05,0.06
-1.02,-0.05,0.06
-1.01,-0.01,-0.04
-1.01,-0.05,-0.02
-1.02,-0.04,0.03
-1.03,-0.05,0.03
-1.02,-0.04,0.01
-1.06,0.03,-0.11
-1.02,-0.04,-0.02
-1.04,-0.05,0.07
-1.03,-0.04,0.04
-1.02,-0.04,0.0
-1.02,-0.03,0.01
-1.05,-0.03,-0.01
-1.02,-0.03,-0.01
-1.03,-0.04,0.04
-1.02,-0.04,0.03
-1.02,-0.04,0.02
-1.02,-0.04,0.01
-1.03,-0.05,0.03
-1.04,0.01,-0.04
-1.01,-0.01,-0.04
-1.03,-0.06,0.04
-1.04,-0.05,0.05
-1.02,-0.04,0.02
-1.02,-0.04,0.02
-1.0,-0.04,0.03
-0.99,-0.1,0.1
-1.02,-0.03,0.02
-1.01,-0.03,-0.03
-1.01,-0.04,0.01
-1.02,-0.05,0.03
-1.02,-0.05,0.03
-1.02,-0.04,0.04
-1.02,-0.03,0.02
-1.01,-0.04,0.0
-1.02,-0.05,0.01
-1.02,-0.05,0.03
-1.02,-0.04,0.03
-1.02,-0.04,0.01
-1.02,-0.04,0.02
-1.0,-0.02,0.04
-1.01,-0.02,-0.01
-1.01,-0.06,-0.01
-1.03,-0.05,0.04
-1.03,-0.04,0.05
-1.02,-0.04,0.01
-1.02,-0.05,0.01
-1.02,-0.07,0.03
-1.02,-0.09,0.05
-1.03,-0.05,0.05
-1.02,-0.02,0.03
-1.02,-0.04,0.01
-1.02,-0.05,0.01
-1.03,-0.05,0.03
-1.02,-0.03,0.02
-1.01,-0.07,0.03
-1.02,-0.05,0.03
-1.02,-0.04,0.02
-1.02,-0.04,0.02
-1.02,-0.04,0.02
-1.02,-0.04,0.02
-1.02,-0.05,0.02
-1.04,-0.04,0.01
-1.02,-0.04,-0.01
-1.03,-0.05,0.04
-1.03,-0.04,0.04
-1.02,-0.05,0.02
-1.02,-0.04,0.01
-1.02,-0.04,0.02
-1.03,-0.03,0.03
-1.02,-0.05,0.02
-1.03,-0.06,0.05
-1.01,-0.06,0.04
-1.02,-0.06,0.02
-1.02,-0.02,0.02
-1.03,-0.04,0.02
-1.02,-0.04,0.02
-1.02,-0.05,0.02
-1.02,-0.04,0.02
-1.02,-0.04,0.02
-1.03,-0.05,0.02
-1.02,-0.03,0.02
-1.02,-0.04,0.02
-1.02,-0.05,0.01
-1.02,-0.05,0.02
-1.02,-0.04,0.02
-1.02,-0.04,0.03
-1.02,-0.04,0.02
-1.0,-0.05,0.06
-1.0,-0.04,0.0
-1.02,-0.06,0.03
-1.02,-0.03,0.02
-1.02,-0.04,0.02
-1.02,-0.04,0.01
-1.02,-0.04,0.01
-1.02,-0.05,0.02
-1.02,-0.04,0.02
-1.02,-0.04,0.02
-1.03,-0.04,-0.0
-1.02,-0.07,0.04
-1.02,-0.05,0.05
-1.02,-0.04,0.02
-1.02,-0.04,0.01
-1.02,-0.04,0.02
-1.02,-0.05,0.03
-1.02,-0.05,0.02
-1.02,-0.04,0.01
-1.02,-0.04,0.02
-1.03,-0.06,0.03
-1.03,-0.04,0.0
-1.02,-0.05,0.03
-1.02,-0.03,0.03
-1.02,-0.05,0.02
-1.02,-0.04,0.02
-1.02,-0.05,0.02
-1.02,-0.04,0.02
-1.02,-0.04,0.02
-1.02,-0.04,0.02
-1.03,-0.04,0.02
-1.01,-0.04,0.02
-1.02,-0.09,0.07
-1.03,-0.04,0.03
-1.02,-0.03,0.01
-1.02,-0.03,0.01
-1.02,-0.04,0.02
-1.02,-0.04,0.03
-1.02,-0.03,0.02
-1.02,-0.04,0.01
-1.02,-0.04,0.02
-1.03,-0.04,0.02
-1.03,-0.05,0.03
-1.02,-0.05,0.05
-1.02,-0.04,0.03
-1.02,-0.05,0.01
-1.02,-0.04,0.02
-1.02,-0.05,0.02
-1.02,-0.05,0.02
-1.02,-0.05,0.02
-1.02,-0.04,0.02
-1.02,-0.04,0.02
-1.02,-0.05,0.02
-1.02,-0.04,0.02
-1.02,-0.04,0.02
-1.01,-0.05,0.05
-1.02,-0.05,0.0
-1.02,-0.06,0.01
-1.02,-0.04,0.02
-1.02,-0.04,0.02
-1.02,-0.05,0.02
-1.02,-0.04,0.02
-1.02,-0.04,0.02
-1.02,-0.05,0.01
-1.02,-0.05,0.02
-1.02,-0.04,0.02
-1.02,-0.05,0.02
-1.02,-0.05,0.02
-1.01,-0.05,0.05
-1.01,-0.05,0.02
-1.02,-0.05,0.01
-1.02,-0.05,0.02
-1.02,-0.04,0.01
-1.02,-0.04,0.02
-1.02,-0.04,0.02
-1.02,-0.04,0.02
-1.02,-0.05,0.02
-1.02,-0.04,0.02
-1.02,-0.04,0.02
-1.02,-0.04,0.02
-1.02,-0.04,0.02
-1.02,-0.04,0.02
-1.02,-0.04,0.02
-1.02,-0.04,0.02
-1.02,-0.04,0.02
-1.02,-0.04,0.02
-1.03,-0.04,0.01
-1.03,-0.03,0.02
-1.02,-0.03,0.02
-1.03,-0.04,0.03
-1.02,-0.03,0.01
-1.03,-0.05,0.03
-1.02,-0.04,0.02
-1.03,-0.05,0.03
-1.02,-0.05,0.03
-1.03,-0.05,0.03
-1.02,-0.05,0.02
-1.02,-0.03,0.01
-1.02,-0.04,0.01
-1.02,-0.04,0.03
-1.02,-0.03,0.0
-1.02,-0.06,0.03
-1.02,-0.05,0.03
-1.03,-0.03,-0.01
-1.02,-0.05,-0.01
-1.02,-0.06,0.07
-1.03,-0.05,0.04
-1.01,-0.04,-0.03
-1.02,-0.06,0.01
-1.02,-0.05,0.05
-1.02,-0.06,0.05
-1.02,-0.04,0.03
-1.02,-0.03,0.0
-1.01,-0.04,0.0
-1.02,-0.04,0.01
-1.02,-0.03,0.01
-1.02,-0.03,0.01
-1.02,-0.04,0.01
-1.02,-0.04,0.02
-1.02,-0.04,0.02
-1.02,-0.05,0.02
-1.02,-0.06,0.02
-1.02,-0.06,0.02
-1.02,-0.05,0.01
-1.03,-0.04,0.02
-1.02,-0.03,0.03
-1.02,-0.04,0.03
-1.02,-0.06,0.01
-1.02,-0.05,0.01
-1.02,-0.03,0.04
-1.03,-0.04,0.02
-1.02,-0.04,0.01
-1.02,-0.04,0.03
-1.03,-0.04,0.01
-1.02,-0.04,0.02
-1.02,-0.05,0.01
-1.02,-0.04,0.03
-1.03,-0.05,0.02
-1.02,-0.04,0.02
-1.03,-0.04,0.02
-1.02,-0.04,0.02
-1.03,-0.04,0.02
-1.02,-0.04,0.02
-1.03,-0.04,0.02
-1.02,-0.04,0.02
-1.03,-0.04,0.02
-1.02,-0.04,0.03
-1.03,-0.04,0.03
-1.02,-0.05,0.01
-1.02,-0.04,0.02
-1.02,-0.04,0.02
-1.02,-0.05,0.02
-1.03,-0.05,0.02
-1.02,-0.04,0.02
-1.03,-0.04,0.02
-1.02,-0.04,0.03
-1.02,-0.05,0.01
-1.02,-0.05,0.02
-1.02,-0.05,0.01
-1.02,-0.05,0.01
-1.02,-0.04,0.03
-1.03,-0.05,0.02
-1.02,-0.05,0.01
-1.02,-0.04,0.02
-1.02,-0.05,0.03
-1.02,-0.06,0.02
-1.02,-0.05,0.02
-1.02,-0.0,0.02
-1.02,-0.03,0.03
-1.01,-0.06,0.02
-1.01,-0.07,0.02
-1.02,-0.05,0.02
-1.02,-0.05,0.03
-1.03,-0.05,0.02
-1.02,-0.05,0.02
-1.03,-0.05,0.03
-1.03,-0.05,0.03
-1.02,-0.06,0.03
-1.02,-0.05,0.04
-1.02,-0.05,0.03
-1.02,-0.04,0.02
-1.02,-0.03,0.01
-1.02,-0.03,-0.0
-1.02,-0.04,0.0
-1.02,-0.06,0.05
-1.03,-0.05,0.05
-1.02,-0.03,-0.01
-1.02,-0.03,-0.01
-1.03,-0.05,0.05
-1.03,-0.04,0.03
-1.02,-0.04,-0.02
-1.02,-0.05,0.05
-1.02,-0.04,0.02
-1.02,-0.07,0.02
-1.02,-0.03,0.01
-1.02,-0.05,0.03
-1.02,-0.05,0.03
-1.03,-0.05,0.03
-1.03,-0.05,0.02
-1.03,-0.05,0.03
-1.02,-0.04,0.02
-1.03,-0.05,0.02
-1.02,-0.04,0.01
-1.02,-0.04,0.01
-1.02,-0.04,0.02
-1.02,-0.04,0.02
-1.02,-0.04,0.02
-1.02,-0.04,0.02
-1.03,-0.05,0.02
-1.03,-0.04,0.0
-1.02,-0.05,0.02
-1.02,-0.04,0.01
-1.02,-0.05,0.01
-1.02,-0.04,0.02
-1.02,-0.05,0.02
-1.02,-0.04,0.02
-1.02,-0.05,0.02
-1.02,-0.05,0.02
-1.02,-0.05,0.02
-1.02,-0.04,0.02
-1.02,-0.04,0.02
-1.02,-0.05,0.02
-1.02,-0.04,0.02
-1.02,-0.04,0.02
-1.02,-0.04,0.02
-1.03,-0.05,0.01
-1.02,-0.05,0.01
-1.02,-0.04,0.03
-1.02,-0.04,0.02
-1.02,-0.04,0.02
-1.02,-0.04,0.02
-1.02,-0.04,0.02
-1.02,-0.04,0.02
-1.02,-0.04,0.02
-1.02,-0.04,0.02
-1.02,-0.04,0.02
-1.02,-0.04,0.02
-1.01,-0.04,0.04
-1.02,-0.01,0.03
-1.02,-0.01,-0.01
-1.02,-0.05,-0.0
-1.03,-0.04,0.04
-1.02,-0.05,0.03
-1.02,-0.05,0.01
-1.02,-0.03,0.02
-1.03,-0.04,0.03
-1.02,-0.04,0.02
-1.02,-0.04,0.02
-1.02,-0.04,0.02
-1.01,-0.05,0.03
-1.02,-0.09,0.07
-1.03,-0.05,0.04
-1.02,-0.04,-0.01
-1.02,-0.05,0.01
-1.03,-0.05,0.03
-1.02,-0.05,0.03
-1.02,-0.04,0.01
-1.02,-0.05,0.01
-1.02,-0.04,0.02
-1.02,-0.04,0.02
-1.02,-0.04,0.02
-1.02,-0.04,0.0
-1.02,-0.06,0.02
-1.03,-0.06,0.03
-1.02,-0.04,0.03
-1.02,-0.04,0.02
-1.02,-0.04,0.02
-1.02,-0.04,0.03
-1.02,-0.05,0.01
-1.02,-0.05,0.02
-1.02,-0.04,0.02
-1.03,-0.03,0.02
-1.0,-0.01,-0.02
-1.03,-0.06,0.08
-1.02,-0.02,0.02
-1.02,-0.06,-0.0
-1.02,-0.04,0.01
-1.02,-0.03,0.03
-1.02,-0.04,0.02
-1.02,-0.04,0.02
-1.02,-0.04,0.02
-1.01,-0.04,0.01
-1.04,-0.05,0.02
-1.03,-0.02,-0.0
-1.02,-0.05,0.03
-1.02,-0.05,0.03
-1.02,-0.04,0.02
-1.02,-0.04,0.02
-1.02,-0.03,0.02
-1.02,-0.05,0.02
-1.03,-0.04,0.02
-1.02,-0.02,0.01
-1.02,-0.05,0.03
-1.03,-0.04,0.01
-1.02,-0.05,0.01
-1.02,-0.04,0.02
-1.03,-0.04,0.03
-1.02,-0.03,0.02
-1.02,-0.04,0.02
-1.03,-0.04,0.0
-1.04,-0.04,0.04
-1.02,-0.06,0.04
-1.02,-0.04,0.04
-1.02,-0.04,0.01
-1.02,-0.05,0.01
-1.02,-0.04,0.03
-1.02,-0.03,0.04
-1.02,-0.05,0.02
-1.02,-0.02,-0.01
-1.03,-0.04,-0.0
-1.02,-0.03,0.01
-1.02,-0.05,0.03
-1.02,-0.04,0.02
-1.02,-0.05,0.02
-1.02,-0.04,0.02
-1.02,-0.05,0.02
-1.01,-0.04,0.03
-1.02,-0.07,0.05
-1.02,-0.05,0.03
-1.02,-0.04,0.01
-1.02,-0.04,0.01
-1.02,-0.05,0.02
-1.02,-0.05,0.02
-1.02,-0.05,0.01
-1.01,-0.1,0.07
-1.02,-0.06,0.07
-1.01,-0.04,-0.0
-1.01,-0.02,-0.01
-1.02,-0.04,0.03
-1.02,-0.05,0.02
-1.02,-0.05,0.02
-1.02,-0.04,0.02
-1.0,-0.07,0.05
-1.02,-0.05,-0.0
-1.02,-0.04,0.0
-1.02,-0.04,0.03
-1.03,-0.05,0.03
-1.02,-0.04,0.02
-1.02,-0.05,0.01
-1.02,-0.08,0.06
-1.03,-0.09,0.09
-1.02,-0.04,0.01
-1.02,-0.03,0.01
-1.02,-0.03,0.02
-1.02,-0.05,0.02
-1.02,-0.05,0.02
-1.01,-0.1,0.08
-1.03,-0.1,0.1
-1.02,-0.04,0.0
-1.01,-0.02,0.0
-1.02,-0.03,0.02
-1.03,-0.05,0.02
-1.02,-0.05,0.02
-1.01,-0.04,0.05
-1.02,-0.04,0.02
-1.02,-0.04,-0.01
-1.02,-0.04,0.02
-1.02,-0.04,0.03
-1.02,-0.05,0.02
-1.03,-0.05,0.01
-1.02,-0.07,0.04
-1.03,-0.07,0.08
-1.02,-0.04,0.03
-1.02,-0.04,-0.0
-1.02,-0.04,0.01
-1.03,-0.05,0.03
-1.04,-0.05,0.02
-1.02,-0.09,0.06
-1.03,-0.09,0.1
-1.02,-0.02,0.02
-1.01,-0.04,-0.0
-1.01,-0.04,0.0
-1.01,-0.04,0.02
-1.0,-0.06,0.03
-1.02,-0.05,0.04
-1.02,-0.03,0.01
-1.02,-0.04,0.01
-1.02,-0.04,0.01
-1.02,-0.05,0.03
-1.03,-0.03,0.03
-1.01,0.01,-0.05
-1.01,-0.06,0.03
-1.03,-0.05,0.04
-1.02,-0.05,0.03
-1.02,-0.04,0.02
-0.98,-0.07,0.09
-1.02,-0.13,0.13
-1.02,-0.02,-0.01
-1.01,-0.02,-0.0
-1.02,-0.03,0.01
-1.02,-0.05,0.02
-1.04,-0.04,-0.01
-1.02,-0.03,0.03
-1.03,-0.05,0.05
-1.02,-0.05,0.02
-1.02,-0.05,0.01
-1.02,-0.04,0.02
-1.03,-0.03,-0.01
-1.03,-0.08,0.07
-1.04,-0.06,0.06
-1.02,-0.04,0.02
-1.02,-0.04,0.01
-1.05,-0.04,0.0
-1.0,-0.07,0.04
-1.05,-0.09,0.12
-1.02,-0.02,0.0
-1.01,-0.05,0.0
-1.02,-0.04,0.01
-1.01,-0.05,0.03
-1.02,-0.03,0.02
-1.01,-0.03,-0.01
-1.02,-0.05,0.02
-1.02,-0.04,0.02
-1.02,-0.05,0.02
-1.03,-0.04,-0.02
-1.03,-0.09,0.08
-1.03,-0.03,0.03
-1.02,-0.04,0.01
-1.02,-0.04,0.0
-1.04,-0.06,0.03
-1.01,0.04,-0.1
-1.01,-0.04,-0.02
-1.03,-0.05,0.04
-1.03,-0.05,0.04
-0.99,-0.04,0.02
-1.02,-0.05,0.05
-1.02,-0.03,-0.01
-1.02,-0.05,0.0
-1.02,-0.04,0.03
-1.0,-0.04,0.03
-1.0,-0.08,0.08
-1.02,-0.01,-0.01
-1.01,-0.03,-0.03
-1.02,-0.04,0.02
-1.03,-0.04,0.03
-1.02,-0.11,0.14
-1.03,-0.04,0.05
-1.01,-0.03,-0.05
-1.01,-0.05,-0.01
-1.03,-0.04,0.04
-1.01,-0.05,0.03
-1.02,-0.02,-0.03
-1.02,-0.05,0.02
-1.03,-0.04,0.02
-1.03,-0.05,0.02
-1.05,-0.02,0.0
-1.02,-0.06,0.03
-1.03,-0.08,0.08
-1.03,-0.04,0.03
-1.02,-0.05,0.01
-0.96,-0.07,0.08
-1.03,-0.1,0.12
-1.02,-0.02,-0.02
-1.02,-0.04,-0.01
-1.03,-0.03,0.01
-1.03,-0.01,-0.0
-1.02,-0.05,0.01
-1.03,-0.04,0.03
-1.03,-0.04,0.02
-1.02,-0.04,-0.0
-1.01,-0.08,0.11
-1.02,0.0,-0.01
-1.01,-0.04,-0.03
-1.02,-0.05,0.03
-1.0,-0.04,0.02
-1.01,-0.12,0.09
-1.03,-0.03,0.03
-1.02,-0.02,0.01
-1.02,-0.04,-0.0
-1.06,-0.05,-0.01
-1.03,-0.08,0.06
-1.03,-0.05,0.05
-1.02,-0.05,0.01
-1.01,-0.05,0.02
-1.02,0.03,-0.08
-1.02,-0.03,0.03
-1.03,-0.06,0.06
-1.02,-0.05,0.02
-1.03,-0.06,0.02
-1.01,-0.03,-0.04
-1.03,-0.07,0.06
-1.03,-0.04,0.05
-1.02,-0.06,0.02
-1.02,-0.01,-0.03
-1.02,-0.05,0.02
-1.02,-0.03,0.03
-1.03,-0.05,0.02
-1.05,-0.03,-0.05
-1.03,-0.1,0.07
-1.04,-0.06,0.09
-1.02,-0.04,0.02
-1.01,-0.05,-0.0
-1.02,-0.1,0.09
-1.04,-0.05,0.06
-1.02,-0.04,0.01
-1.02,-0.04,0.01
-1.04,-0.04,0.02
-1.02,-0.03,-0.01
-1.02,-0.05,0.02
-1.03,-0.04,0.03
-1.06,-0.03,0.03
-1.02,-0.07,0.03
-1.03,-0.07,0.07
-1.03,-0.04,0.03
-1.04,-0.05,0.02
-1.02,-0.05,0.06
-1.02,-0.02,-0.01
-1.02,-0.06,-0.0
-1.02,-0.03,0.02
-1.02,-0.04,0.02
-1.02,-0.08,0.05
-1.03,-0.03,0.03
-1.03,-0.05,-0.01
-1.04,-0.07,0.09
-1.01,-0.0,-0.02
-1.01,-0.05,-0.01
-1.03,-0.04,0.02
-1.05,-0.03,-0.02
-1.03,-0.09,0.08
-1.02,-0.03,0.04
-1.02,-0.04,0.01
-1.02,-0.05,0.02
-1.01,-0.04,-0.01
-1.03,-0.06,0.03
-1.03,-0.03,0.04
-0.99,-0.07,0.09
-1.02,-0.09,0.06
-1.02,-0.04,-0.04
-1.02,-0.05,0.02
-1.04,-0.03,0.0
-1.02,-0.07,0.02
-1.03,-0.06,0.05
-1.03,-0.03,0.03
-0.99,-0.04,0.03
-1.04,-0.01,-0.02
-1.02,-0.06,0.01
-1.03,-0.05,0.04
-1.03,-0.04,0.03
-1.02,-0.09,0.09
-1.03,-0.04,0.05
-1.01,-0.03,0.01
-1.01,-0.05,0.01
-1.01,-0.01,-0.02
-1.02,-0.06,0.05
-1.03,-0.02,0.04
-1.02,-0.05,0.01
-1.04,-0.06,0.03
-1.02,-0.03,-0.03
-1.02,-0.04,0.02
-1.02,-0.03,0.04
-0.98,-0.02,0.01
-1.03,-0.08,0.06
-1.03,-0.01,0.03
-1.02,-0.04,0.02
-1.04,-0.05,-0.0
-1.02,-0.06,0.01
-1.03,-0.06,0.07
-1.03,-0.03,0.04
-1.02,-0.05,0.06
-1.02,-0.01,-0.01
-1.02,-0.05,0.0
-1.02,-0.05,0.02
-1.03,-0.01,-0.03
-1.02,-0.05,0.04
-1.02,-0.03,0.04
-1.02,-0.04,0.01
-1.02,-0.04,0.01
-1.02,0.01,-0.04
-1.03,-0.05,0.05
-1.03,-0.06,0.03
-1.03,-0.06,0.02
-1.02,-0.06,0.04
-1.01,-0.0,-0.0
-1.02,-0.04,0.02
-1.02,-0.05,0.01
-1.01,-0.06,0.01
-1.02,-0.07,0.07
-1.03,-0.03,0.02
-1.02,-0.05,0.01
-1.02,-0.01,-0.03
-1.01,-0.01,-0.03
-1.03,-0.05,0.03
-1.03,-0.04,0.01
-0.98,-0.06,0.09
-1.03,-0.03,0.02
-1.02,-0.03,-0.03
-1.02,-0.04,0.01
-1.06,-0.0,0.0
-1.02,-0.06,0.03
-1.03,-0.07,0.04
-1.02,-0.05,0.01
-0.99,-0.02,0.06
-1.02,0.0,-0.03
-1.02,-0.04,-0.02
-1.02,-0.05,0.01
-0.97,-0.07,0.05
-1.03,-0.09,0.1
-1.02,-0.02,0.01
-1.02,-0.05,0.0
-1.06,-0.07,0.01
-1.03,-0.0,-0.02
-1.03,-0.06,0.05
-1.03,-0.04,0.04
-1.02,-0.05,0.02
-1.04,-0.04,0.03
-1.01,-0.03,-0.02
-1.02,-0.05,0.02
-1.03,-0.03,0.03
-1.03,-0.1,0.09
-1.03,-0.08,0.08
-1.03,-0.03,0.01
-1.02,-0.03,0.0
-1.04,-0.0,-0.02
-1.02,-0.04,-0.02
-1.03,-0.05,0.03
-1.03,-0.03,0.04
-1.04,-0.05,0.05
-1.02,-0.02,-0.01
-1.02,-0.05,-0.01
-1.03,-0.05,0.01
-1.03,-0.0,-0.02
-1.03,-0.09,0.1
-1.03,-0.04,0.05
-1.02,-0.06,0.01
-1.0,-0.03,0.02
-1.02,-0.02,-0.02
-1.02,-0.06,0.01
-1.02,-0.04,0.03
-1.04,-0.04,0.02
-1.02,-0.06,0.04
-1.02,-0.04,-0.01
-1.02,-0.05,0.01
-1.05,-0.02,-0.01
-1.01,-0.04,-0.04
-1.04,-0.07,0.07
-1.04,-0.03,0.04
-0.98,-0.02,0.03
-1.03,-0.07,0.01
-1.02,-0.04,-0.02
-1.02,-0.05,0.04
-1.03,-0.03,0.04
-0.98,-0.08,0.08
-1.02,-0.05,0.02
-1.02,-0.05,0.0
-1.02,-0.04,0.02
-1.01,0.03,-0.05
-1.02,-0.06,-0.01
-1.03,-0.04,0.05
-1.03,-0.04,0.05
-1.03,-0.04,0.04
-1.02,-0.01,-0.01
-1.02,-0.05,0.02
-1.02,-0.05,0.02
-0.99,-0.02,0.02
-1.03,-0.07,0.05
-1.02,-0.03,0.03
-1.02,-0.04,0.01
-1.06,-0.08,0.01
-1.02,-0.05,-0.03
-1.03,-0.06,0.07
-1.04,-0.03,0.04
-1.03,-0.06,0.01
-1.02,-0.03,-0.01
-1.02,-0.01,-0.0
-1.03,-0.04,0.04
-1.03,0.02,0.01
-1.02,-0.06,0.04
-1.03,-0.05,0.03
-1.02,-0.03,0.02
-1.02,-0.03,0.02
-1.04,0.03,-0.04
-1.02,-0.06,-0.0
-1.03,-0.07,0.04
-1.05,-0.05,0.03
-0.98,-0.05,0.07
-1.02,-0.02,-0.0
-1.01,-0.04,-0.0
-1.02,-0.05,0.02
-1.01,-0.05,-0.01
-1.03,-0.07,0.05
-1.02,-0.02,0.04
-1.02,-0.05,0.01
-1.04,-0.05,-0.02
-1.02,0.03,-0.06
-1.02,-0.06,0.02
-1.03,-0.05,0.03
-0.99,-0.06,0.03
-1.03,-0.06,0.06
-1.02,-0.02,0.01
-1.02,-0.04,0.02
-1.09,-0.05,-0.03
-1.01,-0.05,0.01
-1.02,-0.07,0.07
-1.03,-0.04,0.03
-1.02,-0.05,0.01
-1.02,-0.0,-0.01
-1.01,-0.0,-0.05
-1.02,-0.06,0.02
-1.04,-0.03,0.03
-1.02,-0.07,0.06
-1.03,-0.05,0.03
-1.02,-0.05,-0.0
-1.03,-0.06,0.06
-1.03,0.0,-0.03
-1.03,-0.05,0.03
-1.03,-0.07,0.04
-1.03,-0.05,0.03
-1.01,-0.09,0.12
-1.02,-0.0,-0.01
-1.02,-0.04,-0.04
-1.02,-0.04,0.02
-1.03,-0.02,0.03
-1.03,-0.05,0.06
-1.02,-0.03,0.01
-1.02,-0.04,0.01
-1.04,0.01,-0.03
-1.02,0.0,-0.05
-1.03,-0.06,0.04
-1.03,-0.04,0.04
-0.99,-0.06,0.1
-1.02,-0.08,0.07
-1.01,-0.03,-0.02
-1.02,-0.04,0.01
-1.06,-0.05,0.01
-1.02,-0.06,0.04
-1.03,-0.05,0.03
-1.02,-0.05,0.0
-0.95,-0.02,0.07
-1.02,0.02,-0.01
-1.0,-0.03,-0.04
-1.03,-0.05,0.01
-1.03,-0.04,0.04
-1.02,-0.1,0.11
-1.03,-0.06,0.05
-1.01,-0.04,-0.01
-1.02,-0.04,0.01
-1.02,-0.01,-0.01
-1.03,-0.06,0.04
-1.03,-0.05,0.03
-1.02,-0.05,0.01
-0.97,-0.04,0.01
-1.03,-0.05,0.07
-1.02,-0.03,-0.0
-1.01,-0.05,0.0
-1.01,-0.03,0.03
-1.01,-0.01,-0.03
-1.02,-0.05,-0.01
-1.02,-0.05,0.02
-1.03,-0.04,-0.01
-1.01,-0.06,0.04
-1.03,-0.03,0.05
-1.02,-0.04,0.01
-1.04,-0.04,-0.02
-0.97,-0.01,0.01
-1.04,-0.05,0.08
-1.02,-0.02,-0.01
-1.02,-0.05,-0.0
-1.02,-0.03,0.02
-1.03,-0.02,0.04
-1.01,-0.02,-0.02
-1.02,-0.04,0.0
-0.99,-0.05,0.06
-1.04,-0.05,0.05
-1.01,-0.03,-0.02
-1.02,-0.05,0.01
-1.03,-0.04,0.04
-0.97,-0.05,0.06
-1.02,0.01,-0.04
-1.01,-0.01,-0.05
-1.03,-0.04,0.03
-1.03,-0.04,0.03
-1.05,-0.04,0.03
-1.02,-0.02,-0.04
-1.02,-0.06,-0.0
-1.03,-0.04,0.02
-1.03,-0.04,0.03
-1.02,-0.03,0.03
-1.01,-0.01,-0.03
-1.02,-0.05,0.0
-1.02,-0.04,0.02
-1.0,-0.03,-0.02
-1.01,-0.09,0.07
-1.03,-0.02,0.05
-1.02,-0.03,0.01
-1.01,-0.04,-0.0
-1.02,-0.02,-0.04
-1.02,-0.06,0.02
-1.03,-0.04,0.04
-1.03,-0.03,0.03
-1.0,-0.04,0.02
-1.03,-0.09,0.08
-1.01,-0.02,-0.02
-1.01,-0.06,-0.02
-1.02,-0.04,0.02
-1.03,-0.03,0.04
-1.02,0.01,-0.06
-1.01,-0.08,0.05
-1.03,-0.05,0.06
-1.02,-0.04,0.03
-1.02,-0.05,0.01
-1.02,-0.07,0.08
-1.02,-0.04,0.02
-1.01,-0.05,-0.0
-1.02,-0.03,0.01
-1.0,-0.04,0.06
-1.06,-0.05,0.04
-1.01,-0.02,-0.04
-1.02,-0.06,0.04
-1.03,-0.04,0.04
-0.99,-0.05,0.06
-1.04,-0.05,0.04
-1.01,-0.02,-0.05
-1.02,-0.06,0.01
-1.03,-0.04,0.03
-1.03,-0.05,0.03
-1.03,0.02,-0.03
-1.02,0.01,-0.06
-1.03,-0.06,0.04
-1.03,-0.05,0.04
-1.02,-0.05,0.02
-1.05,-0.02,0.01
-1.01,0.02,-0.07
-1.02,-0.07,0.01
-1.03,-0.05,0.03
-1.03,-0.04,0.04
-1.03,-0.04,0.02
-1.02,-0.1,0.08
-1.03,-0.05,0.05
-1.02,-0.04,0.01
-1.01,-0.04,0.01
-1.02,-0.05,0.03
-1.04,-0.01,-0.02
-1.03,-0.07,0.03
-1.03,-0.04,0.05
-1.02,-0.04,0.03
-1.02,-0.04,-0.0
-0.99,-0.04,0.04
-1.03,-0.06,0.07
-1.01,-0.01,-0.03
-1.01,-0.04,-0.0
-1.02,-0.03,0.01
-1.02,-0.06,0.03
-1.02,-0.07,0.05
-1.02,-0.0,-0.03
-1.02,-0.05,0.01
-1.02,-0.05,0.02
-1.02,-0.05,0.03
-1.02,-0.05,0.02
-1.02,0.01,-0.05
-1.02,-0.02,-0.03
-1.03,-0.05,0.05
-1.03,-0.05,0.04
-1.02,-0.04,0.01
-1.02,-0.03,0.0
-1.05,0.02,-0.03
-1.01,-0.05,-0.01
-1.03,-0.07,0.03
-1.03,-0.04,0.04
-1.03,-0.05,0.04
-1.0,-0.03,0.01
-0.99,-0.07,0.04
-1.03,-0.04,0.04
-1.03,-0.02,0.01
-1.02,-0.04,0.01
-1.02,-0.04,0.02
-1.02,-0.05,0.03
-1.05,-0.03,-0.02
-1.03,-0.05,-0.0
-1.03,-0.04,0.06
-1.03,-0.04,0.03
-1.02,-0.04,0.0
-1.03,-0.03,0.01
-1.02,-0.07,0.01
-1.03,-0.11,0.08
-1.03,-0.03,0.06
-1.02,-0.02,0.02
-1.01,-0.04,-0.0
-1.02,-0.04,0.0
-1.03,-0.05,0.03
-1.02,-0.05,0.02
-1.02,-0.07,0.05
-1.02,-0.04,0.02
-1.02,-0.05,0.02
-1.02,-0.04,0.01
-1.02,-0.05,0.02
-1.03,-0.03,-0.02
-1.02,-0.03,-0.02
-1.03,-0.06,0.06
-1.03,-0.04,0.05
-1.02,-0.05,0.01
-1.02,-0.04,0.02
-1.03,-0.05,0.02
-0.99,-0.06,0.1
-1.02,-0.02,-0.0
-1.01,-0.06,-0.04
-1.01,-0.04,0.01
-1.02,-0.04,0.05
-1.02,-0.05,0.03
-1.02,-0.04,0.01
-1.03,-0.05,0.03
-1.02,-0.03,0.0
-1.02,-0.04,0.01
-1.02,-0.04,0.02
-1.02,-0.04,0.03
-1.02,-0.04,0.02
-1.02,-0.04,0.02
-1.03,-0.04,0.02
-1.01,-0.01,-0.02
-1.02,-0.03,0.0
-1.03,-0.05,0.04
-1.02,-0.05,0.03
-1.02,-0.04,0.02
-1.02,-0.04,0.01
-1.03,-0.05,0.01
-1.02,-0.11,0.07
-1.03,-0.07,0.07
-1.02,-0.02,0.02
-1.02,-0.05,0.01
-1.02,-0.04,0.02
-1.02,-0.05,0.03
-1.02,-0.04,0.02
-1.01,-0.03,0.02
-1.02,-0.05,0.03
-1.02,-0.04,0.03
-1.02,-0.03,0.02
-1.02,-0.05,0.01
-1.02,-0.05,0.02
-1.02,-0.05,0.02
-1.02,-0.04,0.03
-1.03,-0.07,0.03
-1.03,-0.05,0.03
-1.02,-0.05,0.03
-1.02,-0.04,0.03
-1.02,-0.04,0.01
-1.02,-0.05,0.01
-1.02,-0.05,0.02
-1.02,-0.04,0.03
-0.99,-0.05,0.05
-1.01,-0.05,0.04
-1.01,-0.05,0.01
-1.02,-0.02,0.0
-1.02,-0.05,0.01
-1.02,-0.05,0.03
-1.02,-0.05,0.03
-1.02,-0.04,0.02
-1.02,-0.04,0.02
-1.03,-0.03,-0.0
-1.03,-0.04,0.03
-1.02,-0.04,0.01
-1.02,-0.05,0.01
-1.02,-0.04,0.02
-1.02,-0.04,0.03
-1.02,-0.05,0.02
-1.02,-0.05,0.02
-1.02,-0.04,0.02
-1.03,-0.03,-0.01
-1.03,-0.04,0.03
-1.02,-0.03,0.03
-1.02,-0.04,0.01
-1.02,-0.04,0.01
-1.02,-0.04,0.02
-1.02,-0.05,0.02
-1.02,-0.05,0.01
-1.02,-0.04,0.02
-1.01,-0.05,0.04
-1.03,-0.06,0.06
-1.02,-0.05,0.01
-1.02,-0.06,0.02
-1.02,-0.04,0.02
-1.02,-0.04,0.03
-1.02,-0.04,0.02
-1.02,-0.05,0.02
-1.02,-0.04,0.03
-1.02,-0.04,0.02
-1.02,-0.05,0.01
-1.01,-0.05,0.02
-1.02,-0.03,-0.0
-1.03,-0.04,0.02
-1.02,-0.03,0.03
-1.02,-0.04,0.02
-1.02,-0.05,0.01
-1.02,-0.05,0.02
-1.02,-0.04,0.02
-1.02,-0.04,0.02
-1.02,-0.04,0.02
-1.03,-0.04,0.02
-1.01,-0.03,0.0
-1.02,-0.07,0.03
-1.03,-0.05,0.03
-1.02,-0.04,0.02
-1.02,-0.04,0.01
-1.02,-0.05,0.02
-1.02,-0.05,0.03
-1.02,-0.05,0.02
-1.02,-0.05,0.01
-1.02,-0.04,0.02
-1.02,-0.04,0.02
-1.03,-0.05,0.01
-1.02,-0.02,-0.01
-1.02,-0.06,0.03
-1.03,-0.06,0.04
-1.02,-0.05,0.03
-1.02,-0.04,0.02
-1.02,-0.04,0.02
-1.02,-0.05,0.02
-1.02,-0.04,0.02
-1.02,-0.05,0.02
-1.02,-0.04,0.02
-1.02,-0.04,0.02
-1.02,-0.04,0.02
-1.03,-0.03,-0.01
-1.02,-0.04,0.03
-1.02,-0.03,0.03
-1.02,-0.05,0.02
-1.02,-0.05,0.01
-1.03,-0.04,0.02
-1.02,-0.04,0.02
-1.02,-0.04,0.02
-1.02,-0.04,0.02
-1.02,-0.05,0.02
-1.02,-0.05,0.02
-1.02,-0.04,0.02
-1.02,-0.04,0.02
-1.02,-0.04,0.02
-1.02,-0.04,0.02
-1.03,-0.04,0.01
-1.03,-0.04,0.02
-1.02,-0.04,0.01
-1.02,-0.03,0.02
-1.03,-0.04,0.03
-1.02,-0.05,0.02
-1.02,-0.04,0.02
-1.02,-0.04,0.02
-1.02,-0.05,0.01
-1.02,-0.05,0.01
-1.02,-0.04,0.02
-1.02,-0.05,0.02
-1.02,-0.04,0.02
-1.02,-0.04,0.02
-1.02,-0.05,0.02
-1.03,-0.05,0.02
-1.02,-0.05,0.02
-1.02,-0.05,0.03
-1.02,-0.04,0.03
-1.02,-0.04,0.01
-1.02,-0.06,0.03
-1.02,-0.04,0.02
-1.03,-0.06,0.04
-1.02,-0.04,0.01
-1.02,-0.06,0.03
-1.02,-0.04,0.01
-1.02,-0.06,0.03
-1.02,-0.05,0.03
-1.02,-0.04,0.01
-1.02,-0.06,0.03
-1.02,-0.03,0.01
-1.02,-0.03,0.01
-1.02,-0.06,0.03
-1.03,-0.04,0.03
-1.02,-0.03,-0.0
-1.02,-0.05,0.02
-1.03,-0.06,0.04
-1.02,-0.07,0.05
-1.02,-0.04,0.04
-1.02,-0.02,0.01
-1.02,-0.03,-0.01
-1.02,-0.03,0.0
-1.03,-0.04,0.0
-1.03,-0.04,0.0
-1.03,-0.04,0.01
-1.03,-0.03,0.01
-1.03,-0.03,0.01
-1.03,-0.03,0.02
-1.02,-0.04,0.03
-1.02,-0.04,0.02
-1.02,-0.05,0.02
-1.02,-0.05,0.02
-1.03,-0.04,0.02
-1.03,-0.03,0.02
-1.02,-0.04,0.03
-1.02,-0.05,0.01
-1.02,-0.05,0.01
-1.02,-0.03,0.04
-1.03,-0.05,0.02
-1.02,-0.05,0.01
-1.02,-0.04,0.03
-1.03,-0.04,0.01
-1.02,-0.04,0.02
-1.03,-0.05,0.01
-1.02,-0.04,0.02
-1.02,-0.05,0.02
-1.02,-0.05,0.02
-1.02,-0.05,0.01
-1.02,-0.04,0.02
-1.03,-0.04,0.01
-1.02,-0.05,0.02
-1.02,-0.04,0.02
-1.02,-0.04,0.03
-1.02,-0.05,0.01
-1.02,-0.05,0.01
-1.03,-0.04,0.02
-1.02,-0.05,0.02
-1.02,-0.04,0.02
-1.03,-0.04,0.02
-1.02,-0.04,0.02
-1.02,-0.04,0.02
-1.02,-0.04,0.02
-1.02,-0.05,0.01
-1.02,-0.05,0.02
-1.02,-0.04,0.02
-1.02,-0.05,0.01
-1.03,-0.04,0.02
-1.03,-0.04,0.02
-1.02,-0.04,0.02
-1.02,-0.04,0.02
-1.02,-0.04,0.02
-1.02,-0.04,0.02
-1.02,-0.04,0.02
-1.02,-0.04,0.02
-1.02,-0.04,0.02
-1.02,-0.04,0.02
-1.02,-0.04,0.02
-1.03,-0.04,0.02
-1.02,-0.04,0.02
-1.02,-0.04,0.02
-1.02,-0.05,0.01
-1.03,-0.04,0.02
-1.02,-0.04,0.03
-1.03,-0.04,0.02
-1.02,-0.05,0.01
-1.02,-0.04,0.02
-1.02,-0.04,0.02
-1.02,-0.04,0.02
-1.02,-0.04,0.02
-1.02,-0.04,0.02
-1.02,-0.04,0.02
-1.02,-0.04,0.02
-1.02,-0.04,0.02
-1.02,-0.04,0.02
-1.03,-0.05,0.03
-1.02,-0.05,0.02
-1.02,-0.05,0.01
-1.02,-0.04,0.03
-1.03,-0.04,0.02
-1.02,-0.05,0.02
-1.02,-0.04,0.02
-1.02,-0.05,0.01
-1.02,-0.04,0.02
-1.02,-0.05,0.01
-1.02,-0.05,0.01
-1.02,-0.04,0.02
-1.02,-0.04,0.02
-1.02,-0.05,0.01
-1.02,-0.04,0.02
-1.02,-0.04,0.02
-1.02,-0.05,0.02
-1.02,-0.05,0.02
-1.02,-0.05,0.01
-1.02,-0.05,0.01
-1.03,-0.04,0.03
-1.03,-0.04,0.02
-1.02,-0.05,0.02
-1.02,-0.04,0.02
-1.02,-0.05,0.01
-1.02,-0.04,0.02
-1.03,-0.04,0.02
-1.02,-0.04,0.01
-1.02,-0.04,0.02
-1.03,-0.05,0.01
-1.02,-0.04,0.03
-1.03,-0.05,0.03
-1.02,-0.04,0.01
-1.02,-0.04,0.03
-1.03,-0.04,0.02
-1.03,-0.05,0.01
-1.02,-0.03,0.02
-1.02,-0.04,0.03
-1.02,-0.05,0.02
-1.02,-0.05,0.01
-1.03,-0.04,0.01
-1.03,-0.03,0.02
-1.03,-0.03,0.02
-1.02,-0.03,0.01
-1.02,-0.03,0.02
-1.02,-0.04,0.02
-1.02,-0.04,0.01
-1.02,-0.04,0.01
-1.02,-0.03,0.01
-1.02,-0.03,0.0
-1.03,-0.03,-0.02
-1.03,-0.02,-0.01
-1.03,-0.05,0.02
-1.02,-0.06,0.04
-1.02,-0.05,0.05
-1.02,-0.04,0.02
-1.02,-0.03,-0.02
-1.02,-0.04,-0.0
-1.02,-0.06,0.06
-1.02,-0.05,0.02
-1.02,-0.03,-0.01
-1.02,-0.06,0.04
-1.03,-0.05,0.03
-1.02,-0.05,0.01
-1.02,-0.06,0.03
-1.02,-0.03,0.0
-1.02,-0.06,0.03
-1.02,-0.03,0.0
-1.02,-0.05,0.02
-1.02,-0.03,0.01
-1.03,-0.05,0.02
-1.01,-0.04,-0.0
-1.03,-0.05,0.03
-1.02,-0.04,0.01
-1.01,-0.04,0.02
-1.03,-0.05,0.03
-1.02,-0.05,0.02
-1.02,-0.04,0.02
-1.03,-0.04,0.02
-1.03,-0.04,0.03
-1.02,-0.04,0.03
-1.02,-0.04,0.02
-1.02,-0.04,0.02
-1.02,-0.04,0.02
-1.02,-0.04,0.02
-1.02,-0.04,0.02
-1.02,-0.04,0.02
-1.02,-0.04,0.02
-1.02,-0.05,0.03
-1.03,-0.03,0.02
-1.03,-0.05,0.02
-1.02,-0.04,0.02
-1.03,-0.04,0.02
-1.02,-0.04,0.02
-1.02,-0.04,0.02
-1.02,-0.04,0.02
-1.02,-0.04,0.02
-1.03,-0.04,0.02
-1.02,-0.05,0.02
-1.02,-0.04,0.02
-1.02,-0.04,0.02
-1.02,-0.04,0.02
-1.02,-0.04,0.01
-1.02,-0.02,0.01
-1.03,-0.05,0.02
-1.02,-0.03,0.02
-1.02,-0.04,0.03
-1.02,-0.05,0.03
-1.02,-0.06,0.02
-1.02,-0.05,0.02
-1.02,-0.04,0.02
-1.02,-0.05,0.02
-1.02,-0.04,0.02
-1.02,-0.05,0.02
-1.02,-0.05,0.02
-1.03,-0.03,0.0
-1.03,-0.01,-0.02
-1.02,-0.05,0.0
-1.03,-0.05,0.04
-1.03,-0.04,0.04
-1.02,-0.03,0.01
-1.02,-0.05,0.01
-1.02,-0.05,0.02
-1.02,-0.05,0.02
-1.02,-0.04,0.02
-1.02,-0.04,0.02
-1.02,-0.03,0.02
-1.02,-0.05,0.02
-1.02,-0.02,-0.0
-1.02,-0.04,-0.0
-1.02,-0.06,0.02
-1.02,-0.05,0.02
-1.02,-0.04,0.02
-1.02,-0.04,0.02
-1.02,-0.05,0.02
-1.02,-0.04,0.02
-1.02,-0.04,0.02
-1.02,-0.03,0.03
-1.02,-0.04,0.01
-1.02,-0.05,0.05
-1.02,-0.06,0.03
-1.03,-0.06,0.01
-1.02,-0.04,0.03
-1.02,-0.03,0.02
-1.02,-0.04,0.02
-1.02,-0.03,0.02
-1.02,-0.04,0.02
-1.02,-0.05,0.01
-1.01,-0.02,-0.02
-1.01,-0.05,0.02
-1.03,-0.04,0.02
-1.02,-0.03,0.02
-1.02,-0.04,0.02
-1.02,-0.04,0.02
-1.02,-0.05,0.02
-1.02,-0.04,0.02
-1.02,-0.04,0.01
-1.03,-0.04,-0.0
-1.02,-0.02,0.02
-1.02,-0.03,0.03
-1.02,-0.04,0.01
-1.02,-0.05,0.02
-1.02,-0.05,0.02
-1.02,-0.05,0.02
-1.02,-0.04,0.02
-1.02,-0.04,0.02
-1.02,-0.05,-0.01
-1.0,-0.02,0.02
-1.03,-0.0,0.0
-1.02,-0.05,0.01
-1.02,-0.04,0.02
-1.02,-0.04,0.02
-1.02,-0.04,0.01
-1.02,-0.04,0.02
-1.02,-0.04,0.03
-1.01,-0.05,0.01
-1.02,-0.06,0.03
-1.03,-0.06,0.04
-1.02,-0.03,0.02
-1.02,-0.04,0.01
-1.02,-0.04,0.01
-1.02,-0.05,0.02
-1.02,-0.04,0.03
-1.02,-0.04,0.03
-1.01,-0.05,0.05
-1.02,-0.05,0.03
-1.02,-0.05,0.01
-1.02,-0.04,0.02
-1.02,-0.03,0.03
-1.02,-0.04,0.02
-1.02,-0.05,0.02
-1.03,-0.03,0.02
-1.03,-0.05,0.03
-1.02,-0.08,0.06
-1.02,-0.02,0.03
-1.02,-0.05,0.0
-1.02,-0.04,0.0
-1.03,-0.04,0.03
-1.03,-0.03,0.03
-1.03,-0.04,0.01
-1.04,-0.03,-0.02
-1.02,-0.06,0.03
-1.03,-0.05,0.05
-1.02,-0.04,0.01
-1.02,-0.04,0.0
-1.02,-0.04,0.03
-1.02,-0.04,0.03
-1.01,-0.01,0.02
-1.01,-0.02,-0.01
-1.02,-0.05,-0.0
-1.02,-0.05,0.02
-1.02,-0.04,0.03
-1.02,-0.04,0.03
-1.02,-0.04,0.02
-0.99,-0.01,0.03
-1.01,-0.0,-0.05
-1.02,-0.07,-0.01
-1.03,-0.04,0.04
-1.02,-0.05,0.04
-1.02,-0.05,0.02
-1.02,-0.04,0.01
-1.05,-0.05,0.02
-1.02,-0.0,-0.06
-1.01,-0.04,0.0
-1.03,-0.05,0.04
-1.02,-0.05,0.0
-1.02,-0.04,0.01
-1.02,-0.04,0.02
-1.01,-0.09,0.08
-1.02,-0.05,0.05
-1.02,-0.03,-0.0
-1.01,-0.04,0.01
-1.02,-0.04,0.02
-1.02,-0.05,0.03
-1.03,-0.05,0.01
-1.02,-0.06,0.02
-1.03,-0.1,0.1
-1.03,-0.02,0.03
-1.02,-0.04,0.0
-1.02,-0.03,0.0
-1.03,-0.05,0.03
-1.05,-0.02,-0.03
-1.03,-0.07,0.04
-1.03,-0.06,0.06
-1.03,-0.04,0.03
-1.02,-0.04,0.01
-1.03,-0.04,0.01
-1.03,-0.04,0.03
-1.02,-0.09,0.1
-1.02,-0.03,-0.01
-1.01,-0.04,-0.0
-1.02,-0.04,0.02
-1.03,-0.05,0.03
-1.07,-0.04,-0.02
-1.03,0.05,-0.1
-1.02,-0.07,0.05
-1.04,-0.05,0.05
-1.03,-0.05,0.03
-1.03,-0.04,0.02
-0.99,-0.04,0.01
-1.01,-0.07,0.07
-1.02,-0.03,0.0
-1.02,-0.04,0.01
-1.02,-0.04,0.02
-1.02,-0.05,0.03
-1.0,-0.04,0.04
-1.02,-0.04,0.04
-1.01,-0.01,-0.02
-1.02,-0.06,-0.0
-1.02,-0.04,0.02
-1.02,-0.05,0.04
-0.98,-0.04,0.05
-1.01,-0.02,-0.0
-1.01,-0.03,-0.04
-1.02,-0.05,0.01
-1.03,-0.05,0.05
-1.02,-0.06,0.04
-1.03,-0.01,-0.0
-1.02,-0.01,-0.04
-1.02,-0.06,0.03
-1.03,-0.04,0.04
-1.02,-0.05,0.03
-1.03,-0.04,-0.0
-1.02,-0.1,0.09
-1.03,-0.07,0.08
-1.02,-0.04,0.0
-1.02,-0.04,0.0
-1.03,-0.04,0.02
-1.05,0.03,-0.08
-1.01,0.02,-0.06
-1.03,-0.06,0.03
-1.03,-0.04,0.03
-1.03,-0.05,0.04
-0.99,-0.03,0.03
-1.02,-0.05,0.03
-1.02,-0.03,-0.01
-1.02,-0.04,0.02
-1.03,-0.04,0.03
-1.03,-0.06,0.03
-1.02,-0.07,0.08
-1.02,-0.03,0.01
-1.01,-0.05,-0.01
-1.02,-0.04,0.02
-1.03,-0.05,0.04
-0.95,-0.09,0.12
-1.03,-0.04,0.07
-1.02,-0.01,-0.02
-1.01,-0.05,-0.0
-1.03,-0.03,0.01
-0.99,-0.08,0.06
-1.02,-0.03,0.01
-1.02,-0.03,-0.01
-1.02,-0.04,0.01
-1.03,-0.04,0.03
-1.04,-0.04,0.02
-1.01,0.0,-0.04
-1.02,-0.05,0.02
-1.02,-0.06,0.03
-1.02,-0.05,0.03
-1.07,-0.04,-0.04
-1.02,-0.08,0.01
-1.04,-0.04,0.06
-1.03,-0.04,0.04
-1.02,-0.05,0.01
-0.99,-0.06,0.05
-1.02,-0.02,0.01
-1.02,-0.04,-0.0
-1.02,-0.05,0.01
-1.02,-0.04,0.03
-1.01,-0.04,-0.01
-1.03,-0.07,0.05
-1.03,-0.03,0.04
-1.02,-0.04,0.02
-1.0,-0.03,0.03
-1.01,0.03,-0.08
-1.01,-0.03,-0.04
-1.03,-0.04,0.03
-1.04,-0.04,0.04
-1.02,-0.06,0.07
-1.02,-0.03,0.01
-1.02,-0.05,-0.0
-1.02,-0.04,0.02
-1.04,-0.04,0.02
-0.97,-0.05,0.06
-1.03,-0.03,0.03
-1.01,-0.04,-0.0
-1.02,-0.05,0.0
-0.96,-0.07,0.07
-1.02,-0.12,0.14
-1.02,-0.01,0.01
-1.01,-0.03,-0.01
-1.04,-0.04,-0.0
-0.98,-0.04,0.04
-1.03,-0.04,0.04
-1.01,-0.03,0.01
-1.02,-0.04,0.02
-1.03,-0.08,0.1
-1.03,-0.09,0.08
-1.01,-0.03,-0.03
-1.01,-0.04,-0.0
-0.97,-0.03,0.07
-1.04,-0.05,0.07
-1.0,-0.01,-0.06
-1.01,-0.05,-0.02
-1.03,-0.04,0.04
-1.05,-0.04,0.04
-1.01,-0.05,0.0
-1.02,-0.06,0.04
-1.03,-0.04,0.03
-0.97,-0.06,0.03
-1.02,-0.11,0.09
-1.02,-0.03,0.01
-1.02,-0.04,0.0
-0.98,-0.05,0.05
-1.04,-0.04,0.01
-1.01,-0.04,-0.02
-1.02,-0.07,0.01
-1.03,-0.05,0.03
-1.0,-0.05,0.05
-1.03,-0.04,0.03
-1.02,-0.05,0.01
-1.02,-0.04,0.02
-1.04,-0.01,-0.0
-1.02,0.01,-0.05
-1.02,-0.07,0.02
-1.03,-0.04,0.04
-0.99,-0.09,0.07
-1.02,-0.1,0.09
-1.02,-0.03,-0.02
-1.01,-0.04,0.0
-1.05,-0.04,0.01
-1.02,-0.06,0.07
-1.03,-0.06,0.03
-1.01,-0.05,0.0
-0.96,-0.02,0.07
-1.03,0.01,-0.02
-1.01,-0.02,-0.05
-1.02,-0.05,0.02
-1.03,-0.03,0.04
-1.02,-0.1,0.1
-1.03,-0.06,0.06
-1.02,-0.04,-0.0
-1.02,-0.04,0.02
-1.03,-0.01,-0.02
-1.03,-0.06,0.06
-1.03,-0.03,0.04
-1.03,-0.05,0.01
-1.04,-0.1,0.08
-1.01,-0.01,-0.02
-1.01,-0.03,-0.01
-1.03,-0.03,0.02
-1.06,-0.05,-0.03
-1.03,-0.09,0.07
-1.02,-0.03,0.05
-1.02,-0.04,0.01
-1.01,-0.04,-0.02
-1.01,-0.04,-0.01
-1.03,-0.06,0.02
-1.03,-0.04,0.04
-0.98,-0.02,0.06
-1.02,-0.1,0.08
-1.02,-0.04,-0.02
-1.02,-0.04,0.01
-1.05,-0.01,-0.02
-1.01,-0.03,-0.0
-1.04,-0.06,0.07
-1.03,-0.04,0.04
-0.98,-0.05,0.04
-1.02,-0.0,-0.03
-1.02,-0.04,-0.0
-1.03,-0.04,0.04
-1.02,-0.05,0.02
-1.01,-0.11,0.08
-1.03,-0.06,0.07
-1.02,-0.03,0.01
-1.01,-0.06,-0.0
-1.02,-0.02,-0.06
-1.02,-0.04,0.01
-1.03,-0.03,0.05
-1.02,-0.05,0.03
-1.04,-0.07,0.04
-1.01,-0.02,-0.03
-1.02,-0.04,0.01
-1.03,-0.03,0.04
-1.04,-0.01,-0.04
-1.03,-0.09,0.07
-1.03,-0.03,0.06
-1.02,-0.05,0.02
-1.02,-0.02,0.01
-1.02,-0.03,-0.02
-1.03,-0.06,0.04
-1.03,-0.04,0.03
-1.02,-0.1,0.08
-1.03,-0.04,0.04
-1.02,-0.03,-0.0
-1.02,-0.06,0.01
-1.06,-0.04,0.02
-1.01,-0.02,-0.01
-1.03,-0.04,0.07
-1.03,-0.04,0.02
-1.01,-0.04,0.02
-1.03,0.02,-0.03
-1.02,-0.04,0.01
-1.03,-0.04,0.05
-1.05,-0.06,0.01
-1.02,-0.08,0.06
-1.02,-0.01,0.02
-1.02,-0.04,0.01
-1.02,-0.05,0.01
-1.01,-0.01,-0.03
-1.02,-0.07,0.05
-1.03,-0.04,0.03
-1.02,-0.04,0.02
-1.02,-0.02,-0.02
-1.02,-0.01,0.02
-1.02,-0.06,0.02
-1.04,-0.06,0.0
-0.98,-0.04,0.09
-1.03,-0.02,0.01
-1.02,-0.03,-0.03
-1.02,-0.05,0.0
-1.08,-0.02,0.01
-1.02,-0.04,0.02
-1.02,-0.08,0.03
-1.02,-0.05,0.02
-1.0,-0.04,0.05
-1.02,-0.0,-0.02
-1.02,-0.05,0.02
-1.02,-0.05,0.02
-0.97,-0.08,0.05
-1.03,-0.11,0.11
-1.02,-0.02,0.01
-1.01,-0.05,0.0
-1.06,-0.07,0.03
-1.02,-0.01,-0.02
-1.02,-0.07,0.05
-1.03,-0.04,0.04
-1.03,-0.04,0.03
-1.04,-0.06,-0.0
-1.01,-0.02,-0.03
-1.02,-0.06,0.01
-1.03,-0.03,0.03
-1.03,-0.09,0.07
-1.04,-0.08,0.07
-1.03,-0.04,0.0
-1.02,-0.03,0.01
-1.03,0.01,-0.01
-1.02,-0.03,-0.03
-1.03,-0.06,0.03
-1.03,-0.03,0.04
-1.03,-0.09,0.07
-1.02,-0.01,-0.01
-1.02,-0.05,-0.01
-1.02,-0.04,0.02
-1.06,-0.03,-0.03
-1.03,-0.08,0.07
-1.03,-0.04,0.05
-1.02,-0.05,0.03
-0.99,-0.05,0.02
-1.02,-0.02,-0.02
-1.02,-0.05,0.01
-1.02,-0.03,0.03
-1.04,-0.06,0.06
-1.02,-0.07,0.04
-1.01,-0.04,-0.02
-1.01,-0.04,0.01
-1.05,-0.02,-0.01
-1.01,-0.03,-0.05
-1.04,-0.06,0.07
-1.03,-0.03,0.05
-0.98,-0.03,0.03
-1.03,-0.07,0.03
-1.02,-0.03,-0.02
-1.02,-0.05,0.03
-1.03,-0.04,0.03
-1.02,-0.07,0.07
-1.03,-0.07,0.05
-1.02,-0.05,0.01
-1.02,-0.04,0.01
-1.05,-0.01,0.0
-1.03,0.02,-0.07
-1.02,-0.07,0.0
-1.03,-0.04,0.03
-1.05,-0.03,0.01
-1.02,-0.06,0.03
-1.02,-0.05,0.02
-1.02,-0.05,0.01
-1.03,-0.04,0.02
-1.03,-0.02,0.03
-1.02,-0.03,-0.02
-1.02,-0.05,0.0
-1.02,-0.04,0.03
-1.05,0.04,-0.03
-1.02,0.02,-0.1
-1.03,-0.07,0.02
-1.03,-0.03,0.05
-1.07,-0.04,0.01
-1.02,-0.01,0.0
-1.03,-0.06,0.04
-1.02,-0.04,0.02
-1.02,-0.04,0.02
-1.02,-0.06,0.03
-1.03,-0.08,0.08
-1.02,-0.03,0.03
-1.02,-0.04,0.01
-1.03,-0.01,-0.06
-1.02,-0.08,0.07
